Workbook

Sheet Plan
A1: ASCENDRA BIO — Commission Plan Specification
A2: Retroactive whole-amount climb: the commission rate is determined by month-to-date sales and applied to ALL sales for the period. Crossing each of 15 status tiers triggers a one-time bonus.
A4: PLAN PARAMETERS · configurable values (admin portal)
A5: Starting Rate (first $10K band) | C5: 0.08 | D5: Rate applied when sales are in the first $10K increment (band 1).
A6: Rate at $1,000,000 | C6: 0.14 | D6: Target rate when sales reach $1M. Rate interpolates linearly between Starting Rate and this value across $0–$1M.
A7: Rate at $2,000,000 | C7: 0.15 | D7: Target rate when sales reach $2M. Rate interpolates linearly between Rate@$1M and this value across $1M–$2M. Plateaus at this rate above $2M.
A8: Checkpoint Increment | C8: 10000 | D8: Size of each rate-climb band ($10,000).
A11: STATUS TIERS · configurable list (admin portal)
A12: Tier ID | B12: Status Name | C12: Threshold (sales reach ≥ $) | D12: Crossing Bonus ($)
A13: 1 | B13: Associate | C13: 0 | D13: 0 | F13: Tier 1 (Associate) has a $0 threshold and no bonus — it represents the starting state. Tiers 2–15 are crossed in order as month-to-date sales reach each threshold; the crossing bonus pays once per period.
A14: 2 | B14: Account Executive | C14: 50000 | D14: 1000
A15: 3 | B15: Senior Account Executive | C15: 130000 | D15: 1500
A16: 4 | B16: Account Director | C16: 230000 | D16: 2000
A17: 5 | B17: Senior Account Director | C17: 350000 | D17: 2500
A18: 6 | B18: Sales Director | C18: 500000 | D18: 3000
A19: 7 | B19: Senior Sales Director | C19: 700000 | D19: 4000
A20: 8 | B20: Vice President | C20: 950000 | D20: 5000
A21: 9 | B21: President's Circle | C21: 1250000 | D21: 7500
A22: 10 | B22: Chairman's Circle | C22: 1600000 | D22: 10000
A23: 11 | B23: Pinnacle | C23: 2000000 | D23: 15000
A25: CALCULATION LOGIC · for backend implementation
A26: Step | B26: Pseudocode
A27: 1. Determine band | B27: band = MAX(1, CEILING(sales / checkpoint_increment))
A28: 2. Compute commission rate | B28: IF band ≤ 100: rate = starting_rate + (rate_at_1m - starting_rate) × (band - 1) / 99
B29: ELSE IF band ≤ 200: rate = rate_at_1m + (rate_at_2m - rate_at_1m) × (band - 100) / 100
B30: ELSE: rate = rate_at_2m
A31: 3. Commission | B31: commission = sales × rate
A32: 4. Sum bonuses earned | B32: bonus_total = SUM(bonus[i] FOR i IN tiers WHERE threshold[i] ≤ sales)
A33: 5. Total payout | B33: total_payout = commission + bonus_total
A34: 6. Effective rate (display) | B34: effective_rate = total_payout / sales (when sales > 0)
A35: 7. Current status | B35: status = name of highest-id tier where threshold ≤ sales
A38: VERIFICATION TABLE · expected outputs for unit testing
A39: Sales (input) | B39: Status | C39: Rate | D39: Commission | E39: Bonus | F39: Total Payout | G39: Effective Rate
A40: 0 | B40: =IF(A40=0,INDEX($B$13:$B$23,1),INDEX($B$13:$B$23,MATCH(A40,$C$13:$C$23,1))) -> Associate | C40: =IF(A40=0,$C$5,IF(MAX(1,CEILING(A40/$C$8,1))<=100,$C$5+($C$6-$C$5)*(MAX(1,CEILING(A40/$C$8,1))-1)/99,IF(MAX(1,CEILING(A40/$C$8,1))<=200,$C$6+($C$7-$C$6)*(MAX(1,CEILING(A40/$C$8,1))-100)/100,$C$7))) -> 0.08 | D40: =A40*C40 -> 0 | E40: =SUMPRODUCT((A40>=$C$13:$C$23)*$D$13:$D$23) -> 0 | F40: =D40+E40 -> 0 | G40: =IF(A40=0,"—",F40/A40) -> —
A41: 10000 | B41: =IF(A41=0,INDEX($B$13:$B$23,1),INDEX($B$13:$B$23,MATCH(A41,$C$13:$C$23,1))) -> Associate | C41: =IF(A41=0,$C$5,IF(MAX(1,CEILING(A41/$C$8,1))<=100,$C$5+($C$6-$C$5)*(MAX(1,CEILING(A41/$C$8,1))-1)/99,IF(MAX(1,CEILING(A41/$C$8,1))<=200,$C$6+($C$7-$C$6)*(MAX(1,CEILING(A41/$C$8,1))-100)/100,$C$7))) -> 0.08 | D41: =A41*C41 -> 800 | E41: =SUMPRODUCT((A41>=$C$13:$C$23)*$D$13:$D$23) -> 0 | F41: =D41+E41 -> 800 | G41: =IF(A41=0,"—",F41/A41) -> 0.08
A42: 50000 | B42: =IF(A42=0,INDEX($B$13:$B$23,1),INDEX($B$13:$B$23,MATCH(A42,$C$13:$C$23,1))) -> Account Executive | C42: =IF(A42=0,$C$5,IF(MAX(1,CEILING(A42/$C$8,1))<=100,$C$5+($C$6-$C$5)*(MAX(1,CEILING(A42/$C$8,1))-1)/99,IF(MAX(1,CEILING(A42/$C$8,1))<=200,$C$6+($C$7-$C$6)*(MAX(1,CEILING(A42/$C$8,1))-100)/100,$C$7))) -> 0.082424242 | D42: =A42*C42 -> 4121.2121 | E42: =SUMPRODUCT((A42>=$C$13:$C$23)*$D$13:$D$23) -> 1000 | F42: =D42+E42 -> 5121.2121 | G42: =IF(A42=0,"—",F42/A42) -> 0.10242424
A43: 100000 | B43: =IF(A43=0,INDEX($B$13:$B$23,1),INDEX($B$13:$B$23,MATCH(A43,$C$13:$C$23,1))) -> Account Executive | C43: =IF(A43=0,$C$5,IF(MAX(1,CEILING(A43/$C$8,1))<=100,$C$5+($C$6-$C$5)*(MAX(1,CEILING(A43/$C$8,1))-1)/99,IF(MAX(1,CEILING(A43/$C$8,1))<=200,$C$6+($C$7-$C$6)*(MAX(1,CEILING(A43/$C$8,1))-100)/100,$C$7))) -> 0.085454545 | D43: =A43*C43 -> 8545.4545 | E43: =SUMPRODUCT((A43>=$C$13:$C$23)*$D$13:$D$23) -> 1000 | F43: =D43+E43 -> 9545.4545 | G43: =IF(A43=0,"—",F43/A43) -> 0.095454545
A44: 130000 | B44: =IF(A44=0,INDEX($B$13:$B$23,1),INDEX($B$13:$B$23,MATCH(A44,$C$13:$C$23,1))) -> Senior Account Executive | C44: =IF(A44=0,$C$5,IF(MAX(1,CEILING(A44/$C$8,1))<=100,$C$5+($C$6-$C$5)*(MAX(1,CEILING(A44/$C$8,1))-1)/99,IF(MAX(1,CEILING(A44/$C$8,1))<=200,$C$6+($C$7-$C$6)*(MAX(1,CEILING(A44/$C$8,1))-100)/100,$C$7))) -> 0.087272727 | D44: =A44*C44 -> 11345.455 | E44: =SUMPRODUCT((A44>=$C$13:$C$23)*$D$13:$D$23) -> 2500 | F44: =D44+E44 -> 13845.455 | G44: =IF(A44=0,"—",F44/A44) -> 0.1065035
A45: 230000 | B45: =IF(A45=0,INDEX($B$13:$B$23,1),INDEX($B$13:$B$23,MATCH(A45,$C$13:$C$23,1))) -> Account Director | C45: =IF(A45=0,$C$5,IF(MAX(1,CEILING(A45/$C$8,1))<=100,$C$5+($C$6-$C$5)*(MAX(1,CEILING(A45/$C$8,1))-1)/99,IF(MAX(1,CEILING(A45/$C$8,1))<=200,$C$6+($C$7-$C$6)*(MAX(1,CEILING(A45/$C$8,1))-100)/100,$C$7))) -> 0.093333333 | D45: =A45*C45 -> 21466.667 | E45: =SUMPRODUCT((A45>=$C$13:$C$23)*$D$13:$D$23) -> 4500 | F45: =D45+E45 -> 25966.667 | G45: =IF(A45=0,"—",F45/A45) -> 0.11289855
A46: 350000 | B46: =IF(A46=0,INDEX($B$13:$B$23,1),INDEX($B$13:$B$23,MATCH(A46,$C$13:$C$23,1))) -> Senior Account Director | C46: =IF(A46=0,$C$5,IF(MAX(1,CEILING(A46/$C$8,1))<=100,$C$5+($C$6-$C$5)*(MAX(1,CEILING(A46/$C$8,1))-1)/99,IF(MAX(1,CEILING(A46/$C$8,1))<=200,$C$6+($C$7-$C$6)*(MAX(1,CEILING(A46/$C$8,1))-100)/100,$C$7))) -> 0.10060606 | D46: =A46*C46 -> 35212.121 | E46: =SUMPRODUCT((A46>=$C$13:$C$23)*$D$13:$D$23) -> 7000 | F46: =D46+E46 -> 42212.121 | G46: =IF(A46=0,"—",F46/A46) -> 0.12060606
A47: 500000 | B47: =IF(A47=0,INDEX($B$13:$B$23,1),INDEX($B$13:$B$23,MATCH(A47,$C$13:$C$23,1))) -> Sales Director | C47: =IF(A47=0,$C$5,IF(MAX(1,CEILING(A47/$C$8,1))<=100,$C$5+($C$6-$C$5)*(MAX(1,CEILING(A47/$C$8,1))-1)/99,IF(MAX(1,CEILING(A47/$C$8,1))<=200,$C$6+($C$7-$C$6)*(MAX(1,CEILING(A47/$C$8,1))-100)/100,$C$7))) -> 0.10969697 | D47: =A47*C47 -> 54848.485 | E47: =SUMPRODUCT((A47>=$C$13:$C$23)*$D$13:$D$23) -> 10000 | F47: =D47+E47 -> 64848.485 | G47: =IF(A47=0,"—",F47/A47) -> 0.12969697
A48: 700000 | B48: =IF(A48=0,INDEX($B$13:$B$23,1),INDEX($B$13:$B$23,MATCH(A48,$C$13:$C$23,1))) -> Senior Sales Director | C48: =IF(A48=0,$C$5,IF(MAX(1,CEILING(A48/$C$8,1))<=100,$C$5+($C$6-$C$5)*(MAX(1,CEILING(A48/$C$8,1))-1)/99,IF(MAX(1,CEILING(A48/$C$8,1))<=200,$C$6+($C$7-$C$6)*(MAX(1,CEILING(A48/$C$8,1))-100)/100,$C$7))) -> 0.12181818 | D48: =A48*C48 -> 85272.727 | E48: =SUMPRODUCT((A48>=$C$13:$C$23)*$D$13:$D$23) -> 14000 | F48: =D48+E48 -> 99272.727 | G48: =IF(A48=0,"—",F48/A48) -> 0.14181818
A49: 950000 | B49: =IF(A49=0,INDEX($B$13:$B$23,1),INDEX($B$13:$B$23,MATCH(A49,$C$13:$C$23,1))) -> Vice President | C49: =IF(A49=0,$C$5,IF(MAX(1,CEILING(A49/$C$8,1))<=100,$C$5+($C$6-$C$5)*(MAX(1,CEILING(A49/$C$8,1))-1)/99,IF(MAX(1,CEILING(A49/$C$8,1))<=200,$C$6+($C$7-$C$6)*(MAX(1,CEILING(A49/$C$8,1))-100)/100,$C$7))) -> 0.1369697 | D49: =A49*C49 -> 130121.21 | E49: =SUMPRODUCT((A49>=$C$13:$C$23)*$D$13:$D$23) -> 19000 | F49: =D49+E49 -> 149121.21 | G49: =IF(A49=0,"—",F49/A49) -> 0.1569697
A50: 1000000 | B50: =IF(A50=0,INDEX($B$13:$B$23,1),INDEX($B$13:$B$23,MATCH(A50,$C$13:$C$23,1))) -> Vice President | C50: =IF(A50=0,$C$5,IF(MAX(1,CEILING(A50/$C$8,1))<=100,$C$5+($C$6-$C$5)*(MAX(1,CEILING(A50/$C$8,1))-1)/99,IF(MAX(1,CEILING(A50/$C$8,1))<=200,$C$6+($C$7-$C$6)*(MAX(1,CEILING(A50/$C$8,1))-100)/100,$C$7))) -> 0.14 | D50: =A50*C50 -> 140000 | E50: =SUMPRODUCT((A50>=$C$13:$C$23)*$D$13:$D$23) -> 19000 | F50: =D50+E50 -> 159000 | G50: =IF(A50=0,"—",F50/A50) -> 0.159
A51: 1250000 | B51: =IF(A51=0,INDEX($B$13:$B$23,1),INDEX($B$13:$B$23,MATCH(A51,$C$13:$C$23,1))) -> President's Circle | C51: =IF(A51=0,$C$5,IF(MAX(1,CEILING(A51/$C$8,1))<=100,$C$5+($C$6-$C$5)*(MAX(1,CEILING(A51/$C$8,1))-1)/99,IF(MAX(1,CEILING(A51/$C$8,1))<=200,$C$6+($C$7-$C$6)*(MAX(1,CEILING(A51/$C$8,1))-100)/100,$C$7))) -> 0.1425 | D51: =A51*C51 -> 178125 | E51: =SUMPRODUCT((A51>=$C$13:$C$23)*$D$13:$D$23) -> 26500 | F51: =D51+E51 -> 204625 | G51: =IF(A51=0,"—",F51/A51) -> 0.1637
... A55: 2500000 | B55: =IF(A55=0,INDEX($B$13:$B$23,1),INDEX($B$13:$B$23,MATCH(A55,$C$13:$C$23,1))) -> Pinnacle | C55: =IF(A55=0,$C$5,IF(MAX(1,CEILING(A55/$C$8,1))<=100,$C$5+($C$6-$C$5)*(MAX(1,CEILING(A55/$C$8,1))-1)/99,IF(MAX(1,CEILING(A55/$C$8,1))<=200,$C$6+($C$7-$C$6)*(MAX(1,CEILING(A55/$C$8,1))-100)/100,$C$7))) -> 0.15 | D55: =A55*C55 -> 375000 | E55: =SUMPRODUCT((A55>=$C$13:$C$23)*$D$13:$D$23) -> 51500 | F55: =D55+E55 -> 426500 | G55: =IF(A55=0,"—",F55/A55) -> 0.1706

Sheet Rep Tracker
A1: Rep Tracker
A2: Sample dashboard view for a rep. Edit the yellow Month-to-Date Sales cell to recalculate.
A4: Rep Name | B4: Jordan Rivera
A5: Month-to-Date Sales | B5: 52000
A7: WHERE YOU ARE NOW
A8: Current Status | B8: {=INDEX(Plan!$B$13:$B$23,MATCH($B$5,Plan!$C$13:$C$23,1))} -> Account Executive
A9: Current Rate (applies to ALL sales) | B9: =IF(MAX(1,CEILING($B$5/Plan!$C$8,1))<=100,Plan!$C$5+(Plan!$C$6-Plan!$C$5)*(MAX(1,CEILING($B$5/Plan!$C$8,1))-1)/99,IF(MAX(1,CEILING($B$5/Plan!$C$8,1))<=200,Plan!$C$6+(Plan!$C$7-Plan!$C$6)*(MAX(1,CEILING($B$5/Plan!$C$8,1))-100)/100,Plan!$C$7)) -> 0.083030303
A10: Commission (Sales × Current Rate) | B10: =($B$5*IF(MAX(1,CEILING($B$5/Plan!$C$8,1))<=100,Plan!$C$5+(Plan!$C$6-Plan!$C$5)*(MAX(1,CEILING($B$5/Plan!$C$8,1))-1)/99,IF(MAX(1,CEILING($B$5/Plan!$C$8,1))<=200,Plan!$C$6+(Plan!$C$7-Plan!$C$6)*(MAX(1,CEILING($B$5/Plan!$C$8,1))-100)/100,Plan!$C$7))) -> 4317.5758
A11: Status Bonuses Earned | B11: =SUMPRODUCT(($B$5>=Plan!$C$13:$C$23)*Plan!$D$13:$D$23) -> 1000
A12: TOTAL PAYOUT | B12: =(($B$5*IF(MAX(1,CEILING($B$5/Plan!$C$8,1))<=100,Plan!$C$5+(Plan!$C$6-Plan!$C$5)*(MAX(1,CEILING($B$5/Plan!$C$8,1))-1)/99,IF(MAX(1,CEILING($B$5/Plan!$C$8,1))<=200,Plan!$C$6+(Plan!$C$7-Plan!$C$6)*(MAX(1,CEILING($B$5/Plan!$C$8,1))-100)/100,Plan!$C$7)))+SUMPRODUCT(($B$5>=Plan!$C$13:$C$23)*Plan!$D$13:$D$23)) -> 5317.5758
A13: Effective Rate | B13: =IF($B$5=0,0,(($B$5*IF(MAX(1,CEILING($B$5/Plan!$C$8,1))<=100,Plan!$C$5+(Plan!$C$6-Plan!$C$5)*(MAX(1,CEILING($B$5/Plan!$C$8,1))-1)/99,IF(MAX(1,CEILING($B$5/Plan!$C$8,1))<=200,Plan!$C$6+(Plan!$C$7-Plan!$C$6)*(MAX(1,CEILING($B$5/Plan!$C$8,1))-100)/100,Plan!$C$7)))+SUMPRODUCT(($B$5>=Plan!$C$13:$C$23)*Plan!$D$13:$D$23))/$B$5) -> 0.10226107
A15: PROGRESS TO NEXT STATUS
A16: Next Status | B16: {=IF(MATCH($B$5,Plan!$C$13:$C$23,1)=11,"★ Top tier",INDEX(Plan!$B$13:$B$23,MATCH($B$5,Plan!$C$13:$C$23,1)+1))} -> Senior Account Executive
A17: Progress | B17: {=IF(MATCH($B$5,Plan!$C$13:$C$23,1)=11,REPT("█",20),REPT("█",ROUND(IF(MATCH($B$5,Plan!$C$13:$C$23,1)=11,1,MIN(1,MAX(0,($B$5-INDEX(Plan!$C$13:$C$23,MATCH($B$5,Plan!$C$13:$C$23,1)))/(IF(MATCH($B$5,Plan!$C$13:$C$23,1)=11,0,INDEX(Plan!$C$13:$C$23,MATCH($B$5,Plan!$C$13:$C$23,1)+1))-INDEX(Plan!$C$13:$C$23,MATCH($B$5,Plan!$C$13:$C$23,1))))))*20,0))&REPT("░",20-ROUND(IF(MATCH($B$5,Plan!$C$13:$C$23,1)=11,1,MIN(1,MAX(0,($B$5-INDEX(Plan!$C$13:$C$23,MATCH($B$5,Plan!$C$13:$C$23,1)))/(IF(MATCH($B$5,Plan!$C$13:$C$23,1)=11,0,INDEX(Plan!$C$13:$C$23,MATCH($B$5,Plan!$C$13:$C$23,1)+1))-INDEX(Plan!$C$13:$C$23,MATCH($B$5,Plan!$C$13:$C$23,1))))))*20,0)))} -> █░░░░░░░░░░░░░░░░░░░
A18: Sales to Next Status | B18: {=IF(MATCH($B$5,Plan!$C$13:$C$23,1)=11,"— at top",IF(MATCH($B$5,Plan!$C$13:$C$23,1)=11,0,IF(MATCH($B$5,Plan!$C$13:$C$23,1)=11,0,INDEX(Plan!$C$13:$C$23,MATCH($B$5,Plan!$C$13:$C$23,1)+1))-$B$5))} -> 78000
A19: Bonus Waiting There | B19: {=IF(MATCH($B$5,Plan!$C$13:$C$23,1)=11,0,INDEX(Plan!$D$13:$D$23,MATCH($B$5,Plan!$C$13:$C$23,1)+1))} -> 1500
A20: {=IF(MATCH($B$5,Plan!$C$13:$C$23,1)=11,"🏆 "&$B$4&" has reached PINNACLE status — the top of the plan!",$B$4&", you are "&TEXT(IF(MATCH($B$5,Plan!$C$13:$C$23,1)=11,0,IF(MATCH($B$5,Plan!$C$13:$C$23,1)=11,0,INDEX(Plan!$C$13:$C$23,MATCH($B$5,Plan!$C$13:$C$23,1)+1))-$B$5),"$#,##0")&" from "&INDEX(Plan!$B$13:$B$23,MATCH($B$5,Plan!$C$13:$C$23,1)+1)&" — unlocking a "&TEXT(INDEX(Plan!$D$13:$D$23,MATCH($B$5,Plan!$C$13:$C$23,1)+1),"$#,##0")&" bonus.")} -> Jordan Rivera, you are $78,000 from Senior Account Executive — unlocking a $1,500 bonus.
A22: MILESTONE FORECAST · what you'd earn at the next 5 status levels
A23: Status | B23: Sales Target | C23: Total Payout at That Level | D23: More $ Than Now | E23: Sales To Get There
A24: {=IF(((MATCH($B$5,Plan!$C$13:$C$23,1)+1)>11),"— at top",INDEX(Plan!$B$13:$B$23,(MATCH($B$5,Plan!$C$13:$C$23,1)+1)))} -> Senior Account Executive | B24: {=IF(((MATCH($B$5,Plan!$C$13:$C$23,1)+1)>11),"",INDEX(Plan!$C$13:$C$23,MIN((MATCH($B$5,Plan!$C$13:$C$23,1)+1),11)))} -> 130000 | C24: {=IF(((MATCH($B$5,Plan!$C$13:$C$23,1)+1)>11),"",(INDEX(Plan!$C$13:$C$23,MIN((MATCH($B$5,Plan!$C$13:$C$23,1)+1),11))*IF(MAX(1,CEILING(INDEX(Plan!$C$13:$C$23,MIN((MATCH($B$5,Plan!$C$13:$C$23,1)+1),11))/Plan!$C$8,1))<=100,Plan!$C$5+(Plan!$C$6-Plan!$C$5)*(MAX(1,CEILING(INDEX(Plan!$C$13:$C$23,MIN((MATCH($B$5,Plan!$C$13:$C$23,1)+1),11))/Plan!$C$8,1))-1)/99,IF(MAX(1,CEILING(INDEX(Plan!$C$13:$C$23,MIN((MATCH($B$5,Plan!$C$13:$C$23,1)+1),11))/Plan!$C$8,1))<=200,Plan!$C$6+(Plan!$C$7-Plan!$C$6)*(MAX(1,CEILING(INDEX(Plan!$C$13:$C$23,MIN((MATCH($B$5,Plan!$C$13:$C$23,1)+1),11))/Plan!$C$8,1))-100)/100,Plan!$C$7))+SUMPRODUCT((INDEX(Plan!$C$13:$C$23,MIN((MATCH($B$5,Plan!$C$13:$C$23,1)+1),11))>=Plan!$C$13:$C$23)*Plan!$D$13:$D$23)))} -> 13845.455 | D24: {=IF(((MATCH($B$5,Plan!$C$13:$C$23,1)+1)>11),"",(INDEX(Plan!$C$13:$C$23,MIN((MATCH($B$5,Plan!$C$13:$C$23,1)+1),11))*IF(MAX(1,CEILING(INDEX(Plan!$C$13:$C$23,MIN((MATCH($B$5,Plan!$C$13:$C$23,1)+1),11))/Plan!$C$8,1))<=100,Plan!$C$5+(Plan!$C$6-Plan!$C$5)*(MAX(1,CEILING(INDEX(Plan!$C$13:$C$23,MIN((MATCH($B$5,Plan!$C$13:$C$23,1)+1),11))/Plan!$C$8,1))-1)/99,IF(MAX(1,CEILING(INDEX(Plan!$C$13:$C$23,MIN((MATCH($B$5,Plan!$C$13:$C$23,1)+1),11))/Plan!$C$8,1))<=200,Plan!$C$6+(Plan!$C$7-Plan!$C$6)*(MAX(1,CEILING(INDEX(Plan!$C$13:$C$23,MIN((MATCH($B$5,Plan!$C$13:$C$23,1)+1),11))/Plan!$C$8,1))-100)/100,Plan!$C$7))+SUMPRODUCT((INDEX(Plan!$C$13:$C$23,MIN((MATCH($B$5,Plan!$C$13:$C$23,1)+1),11))>=Plan!$C$13:$C$23)*Plan!$D$13:$D$23))-(($B$5*IF(MAX(1,CEILING($B$5/Plan!$C$8,1))<=100,Plan!$C$5+(Plan!$C$6-Plan!$C$5)*(MAX(1,CEILING($B$5/Plan!$C$8,1))-1)/99,IF(MAX(1,CEILING($B$5/Plan!$C$8,1))<=200,Plan!$C$6+(Plan!$C$7-Plan!$C$6)*(MAX(1,CEILING($B$5/Plan!$C$8,1))-100)/100,Plan!$C$7)))+SUMPRODUCT(($B$5>=Plan!$C$13:$C$23)*Plan!$D$13:$D$23)))} -> 8527.8788 | E24: {=IF(((MATCH($B$5,Plan!$C$13:$C$23,1)+1)>11),"",INDEX(Plan!$C$13:$C$23,MIN((MATCH($B$5,Plan!$C$13:$C$23,1)+1),11))-$B$5)} -> 78000
A25: {=IF(((MATCH($B$5,Plan!$C$13:$C$23,1)+2)>11),"— at top",INDEX(Plan!$B$13:$B$23,(MATCH($B$5,Plan!$C$13:$C$23,1)+2)))} -> Account Director | B25: {=IF(((MATCH($B$5,Plan!$C$13:$C$23,1)+2)>11),"",INDEX(Plan!$C$13:$C$23,MIN((MATCH($B$5,Plan!$C$13:$C$23,1)+2),11)))} -> 230000 | C25: {=IF(((MATCH($B$5,Plan!$C$13:$C$23,1)+2)>11),"",(INDEX(Plan!$C$13:$C$23,MIN((MATCH($B$5,Plan!$C$13:$C$23,1)+2),11))*IF(MAX(1,CEILING(INDEX(Plan!$C$13:$C$23,MIN((MATCH($B$5,Plan!$C$13:$C$23,1)+2),11))/Plan!$C$8,1))<=100,Plan!$C$5+(Plan!$C$6-Plan!$C$5)*(MAX(1,CEILING(INDEX(Plan!$C$13:$C$23,MIN((MATCH($B$5,Plan!$C$13:$C$23,1)+2),11))/Plan!$C$8,1))-1)/99,IF(MAX(1,CEILING(INDEX(Plan!$C$13:$C$23,MIN((MATCH($B$5,Plan!$C$13:$C$23,1)+2),11))/Plan!$C$8,1))<=200,Plan!$C$6+(Plan!$C$7-Plan!$C$6)*(MAX(1,CEILING(INDEX(Plan!$C$13:$C$23,MIN((MATCH($B$5,Plan!$C$13:$C$23,1)+2),11))/Plan!$C$8,1))-100)/100,Plan!$C$7))+SUMPRODUCT((INDEX(Plan!$C$13:$C$23,MIN((MATCH($B$5,Plan!$C$13:$C$23,1)+2),11))>=Plan!$C$13:$C$23)*Plan!$D$13:$D$23)))} -> 25966.667 | D25: {=IF(((MATCH($B$5,Plan!$C$13:$C$23,1)+2)>11),"",(INDEX(Plan!$C$13:$C$23,MIN((MATCH($B$5,Plan!$C$13:$C$23,1)+2),11))*IF(MAX(1,CEILING(INDEX(Plan!$C$13:$C$23,MIN((MATCH($B$5,Plan!$C$13:$C$23,1)+2),11))/Plan!$C$8,1))<=100,Plan!$C$5+(Plan!$C$6-Plan!$C$5)*(MAX(1,CEILING(INDEX(Plan!$C$13:$C$23,MIN((MATCH($B$5,Plan!$C$13:$C$23,1)+2),11))/Plan!$C$8,1))-1)/99,IF(MAX(1,CEILING(INDEX(Plan!$C$13:$C$23,MIN((MATCH($B$5,Plan!$C$13:$C$23,1)+2),11))/Plan!$C$8,1))<=200,Plan!$C$6+(Plan!$C$7-Plan!$C$6)*(MAX(1,CEILING(INDEX(Plan!$C$13:$C$23,MIN((MATCH($B$5,Plan!$C$13:$C$23,1)+2),11))/Plan!$C$8,1))-100)/100,Plan!$C$7))+SUMPRODUCT((INDEX(Plan!$C$13:$C$23,MIN((MATCH($B$5,Plan!$C$13:$C$23,1)+2),11))>=Plan!$C$13:$C$23)*Plan!$D$13:$D$23))-(($B$5*IF(MAX(1,CEILING($B$5/Plan!$C$8,1))<=100,Plan!$C$5+(Plan!$C$6-Plan!$C$5)*(MAX(1,CEILING($B$5/Plan!$C$8,1))-1)/99,IF(MAX(1,CEILING($B$5/Plan!$C$8,1))<=200,Plan!$C$6+(Plan!$C$7-Plan!$C$6)*(MAX(1,CEILING($B$5/Plan!$C$8,1))-100)/100,Plan!$C$7)))+SUMPRODUCT(($B$5>=Plan!$C$13:$C$23)*Plan!$D$13:$D$23)))} -> 20649.091 | E25: {=IF(((MATCH($B$5,Plan!$C$13:$C$23,1)+2)>11),"",INDEX(Plan!$C$13:$C$23,MIN((MATCH($B$5,Plan!$C$13:$C$23,1)+2),11))-$B$5)} -> 178000
A26: {=IF(((MATCH($B$5,Plan!$C$13:$C$23,1)+3)>11),"— at top",INDEX(Plan!$B$13:$B$23,(MATCH($B$5,Plan!$C$13:$C$23,1)+3)))} -> Senior Account Director | B26: {=IF(((MATCH($B$5,Plan!$C$13:$C$23,1)+3)>11),"",INDEX(Plan!$C$13:$C$23,MIN((MATCH($B$5,Plan!$C$13:$C$23,1)+3),11)))} -> 350000 | C26: {=IF(((MATCH($B$5,Plan!$C$13:$C$23,1)+3)>11),"",(INDEX(Plan!$C$13:$C$23,MIN((MATCH($B$5,Plan!$C$13:$C$23,1)+3),11))*IF(MAX(1,CEILING(INDEX(Plan!$C$13:$C$23,MIN((MATCH($B$5,Plan!$C$13:$C$23,1)+3),11))/Plan!$C$8,1))<=100,Plan!$C$5+(Plan!$C$6-Plan!$C$5)*(MAX(1,CEILING(INDEX(Plan!$C$13:$C$23,MIN((MATCH($B$5,Plan!$C$13:$C$23,1)+3),11))/Plan!$C$8,1))-1)/99,IF(MAX(1,CEILING(INDEX(Plan!$C$13:$C$23,MIN((MATCH($B$5,Plan!$C$13:$C$23,1)+3),11))/Plan!$C$8,1))<=200,Plan!$C$6+(Plan!$C$7-Plan!$C$6)*(MAX(1,CEILING(INDEX(Plan!$C$13:$C$23,MIN((MATCH($B$5,Plan!$C$13:$C$23,1)+3),11))/Plan!$C$8,1))-100)/100,Plan!$C$7))+SUMPRODUCT((INDEX(Plan!$C$13:$C$23,MIN((MATCH($B$5,Plan!$C$13:$C$23,1)+3),11))>=Plan!$C$13:$C$23)*Plan!$D$13:$D$23)))} -> 42212.121 | D26: {=IF(((MATCH($B$5,Plan!$C$13:$C$23,1)+3)>11),"",(INDEX(Plan!$C$13:$C$23,MIN((MATCH($B$5,Plan!$C$13:$C$23,1)+3),11))*IF(MAX(1,CEILING(INDEX(Plan!$C$13:$C$23,MIN((MATCH($B$5,Plan!$C$13:$C$23,1)+3),11))/Plan!$C$8,1))<=100,Plan!$C$5+(Plan!$C$6-Plan!$C$5)*(MAX(1,CEILING(INDEX(Plan!$C$13:$C$23,MIN((MATCH($B$5,Plan!$C$13:$C$23,1)+3),11))/Plan!$C$8,1))-1)/99,IF(MAX(1,CEILING(INDEX(Plan!$C$13:$C$23,MIN((MATCH($B$5,Plan!$C$13:$C$23,1)+3),11))/Plan!$C$8,1))<=200,Plan!$C$6+(Plan!$C$7-Plan!$C$6)*(MAX(1,CEILING(INDEX(Plan!$C$13:$C$23,MIN((MATCH($B$5,Plan!$C$13:$C$23,1)+3),11))/Plan!$C$8,1))-100)/100,Plan!$C$7))+SUMPRODUCT((INDEX(Plan!$C$13:$C$23,MIN((MATCH($B$5,Plan!$C$13:$C$23,1)+3),11))>=Plan!$C$13:$C$23)*Plan!$D$13:$D$23))-(($B$5*IF(MAX(1,CEILING($B$5/Plan!$C$8,1))<=100,Plan!$C$5+(Plan!$C$6-Plan!$C$5)*(MAX(1,CEILING($B$5/Plan!$C$8,1))-1)/99,IF(MAX(1,CEILING($B$5/Plan!$C$8,1))<=200,Plan!$C$6+(Plan!$C$7-Plan!$C$6)*(MAX(1,CEILING($B$5/Plan!$C$8,1))-100)/100,Plan!$C$7)))+SUMPRODUCT(($B$5>=Plan!$C$13:$C$23)*Plan!$D$13:$D$23)))} -> 36894.545 | E26: {=IF(((MATCH($B$5,Plan!$C$13:$C$23,1)+3)>11),"",INDEX(Plan!$C$13:$C$23,MIN((MATCH($B$5,Plan!$C$13:$C$23,1)+3),11))-$B$5)} -> 298000
A27: {=IF(((MATCH($B$5,Plan!$C$13:$C$23,1)+4)>11),"— at top",INDEX(Plan!$B$13:$B$23,(MATCH($B$5,Plan!$C$13:$C$23,1)+4)))} -> Sales Director | B27: {=IF(((MATCH($B$5,Plan!$C$13:$C$23,1)+4)>11),"",INDEX(Plan!$C$13:$C$23,MIN((MATCH($B$5,Plan!$C$13:$C$23,1)+4),11)))} -> 500000 | C27: {=IF(((MATCH($B$5,Plan!$C$13:$C$23,1)+4)>11),"",(INDEX(Plan!$C$13:$C$23,MIN((MATCH($B$5,Plan!$C$13:$C$23,1)+4),11))*IF(MAX(1,CEILING(INDEX(Plan!$C$13:$C$23,MIN((MATCH($B$5,Plan!$C$13:$C$23,1)+4),11))/Plan!$C$8,1))<=100,Plan!$C$5+(Plan!$C$6-Plan!$C$5)*(MAX(1,CEILING(INDEX(Plan!$C$13:$C$23,MIN((MATCH($B$5,Plan!$C$13:$C$23,1)+4),11))/Plan!$C$8,1))-1)/99,IF(MAX(1,CEILING(INDEX(Plan!$C$13:$C$23,MIN((MATCH($B$5,Plan!$C$13:$C$23,1)+4),11))/Plan!$C$8,1))<=200,Plan!$C$6+(Plan!$C$7-Plan!$C$6)*(MAX(1,CEILING(INDEX(Plan!$C$13:$C$23,MIN((MATCH($B$5,Plan!$C$13:$C$23,1)+4),11))/Plan!$C$8,1))-100)/100,Plan!$C$7))+SUMPRODUCT((INDEX(Plan!$C$13:$C$23,MIN((MATCH($B$5,Plan!$C$13:$C$23,1)+4),11))>=Plan!$C$13:$C$23)*Plan!$D$13:$D$23)))} -> 64848.485 | D27: {=IF(((MATCH($B$5,Plan!$C$13:$C$23,1)+4)>11),"",(INDEX(Plan!$C$13:$C$23,MIN((MATCH($B$5,Plan!$C$13:$C$23,1)+4),11))*IF(MAX(1,CEILING(INDEX(Plan!$C$13:$C$23,MIN((MATCH($B$5,Plan!$C$13:$C$23,1)+4),11))/Plan!$C$8,1))<=100,Plan!$C$5+(Plan!$C$6-Plan!$C$5)*(MAX(1,CEILING(INDEX(Plan!$C$13:$C$23,MIN((MATCH($B$5,Plan!$C$13:$C$23,1)+4),11))/Plan!$C$8,1))-1)/99,IF(MAX(1,CEILING(INDEX(Plan!$C$13:$C$23,MIN((MATCH($B$5,Plan!$C$13:$C$23,1)+4),11))/Plan!$C$8,1))<=200,Plan!$C$6+(Plan!$C$7-Plan!$C$6)*(MAX(1,CEILING(INDEX(Plan!$C$13:$C$23,MIN((MATCH($B$5,Plan!$C$13:$C$23,1)+4),11))/Plan!$C$8,1))-100)/100,Plan!$C$7))+SUMPRODUCT((INDEX(Plan!$C$13:$C$23,MIN((MATCH($B$5,Plan!$C$13:$C$23,1)+4),11))>=Plan!$C$13:$C$23)*Plan!$D$13:$D$23))-(($B$5*IF(MAX(1,CEILING($B$5/Plan!$C$8,1))<=100,Plan!$C$5+(Plan!$C$6-Plan!$C$5)*(MAX(1,CEILING($B$5/Plan!$C$8,1))-1)/99,IF(MAX(1,CEILING($B$5/Plan!$C$8,1))<=200,Plan!$C$6+(Plan!$C$7-Plan!$C$6)*(MAX(1,CEILING($B$5/Plan!$C$8,1))-100)/100,Plan!$C$7)))+SUMPRODUCT(($B$5>=Plan!$C$13:$C$23)*Plan!$D$13:$D$23)))} -> 59530.909 | E27: {=IF(((MATCH($B$5,Plan!$C$13:$C$23,1)+4)>11),"",INDEX(Plan!$C$13:$C$23,MIN((MATCH($B$5,Plan!$C$13:$C$23,1)+4),11))-$B$5)} -> 448000
A28: {=IF(((MATCH($B$5,Plan!$C$13:$C$23,1)+5)>11),"— at top",INDEX(Plan!$B$13:$B$23,(MATCH($B$5,Plan!$C$13:$C$23,1)+5)))} -> Senior Sales Director | B28: {=IF(((MATCH($B$5,Plan!$C$13:$C$23,1)+5)>11),"",INDEX(Plan!$C$13:$C$23,MIN((MATCH($B$5,Plan!$C$13:$C$23,1)+5),11)))} -> 700000 | C28: {=IF(((MATCH($B$5,Plan!$C$13:$C$23,1)+5)>11),"",(INDEX(Plan!$C$13:$C$23,MIN((MATCH($B$5,Plan!$C$13:$C$23,1)+5),11))*IF(MAX(1,CEILING(INDEX(Plan!$C$13:$C$23,MIN((MATCH($B$5,Plan!$C$13:$C$23,1)+5),11))/Plan!$C$8,1))<=100,Plan!$C$5+(Plan!$C$6-Plan!$C$5)*(MAX(1,CEILING(INDEX(Plan!$C$13:$C$23,MIN((MATCH($B$5,Plan!$C$13:$C$23,1)+5),11))/Plan!$C$8,1))-1)/99,IF(MAX(1,CEILING(INDEX(Plan!$C$13:$C$23,MIN((MATCH($B$5,Plan!$C$13:$C$23,1)+5),11))/Plan!$C$8,1))<=200,Plan!$C$6+(Plan!$C$7-Plan!$C$6)*(MAX(1,CEILING(INDEX(Plan!$C$13:$C$23,MIN((MATCH($B$5,Plan!$C$13:$C$23,1)+5),11))/Plan!$C$8,1))-100)/100,Plan!$C$7))+SUMPRODUCT((INDEX(Plan!$C$13:$C$23,MIN((MATCH($B$5,Plan!$C$13:$C$23,1)+5),11))>=Plan!$C$13:$C$23)*Plan!$D$13:$D$23)))} -> 99272.727 | D28: {=IF(((MATCH($B$5,Plan!$C$13:$C$23,1)+5)>11),"",(INDEX(Plan!$C$13:$C$23,MIN((MATCH($B$5,Plan!$C$13:$C$23,1)+5),11))*IF(MAX(1,CEILING(INDEX(Plan!$C$13:$C$23,MIN((MATCH($B$5,Plan!$C$13:$C$23,1)+5),11))/Plan!$C$8,1))<=100,Plan!$C$5+(Plan!$C$6-Plan!$C$5)*(MAX(1,CEILING(INDEX(Plan!$C$13:$C$23,MIN((MATCH($B$5,Plan!$C$13:$C$23,1)+5),11))/Plan!$C$8,1))-1)/99,IF(MAX(1,CEILING(INDEX(Plan!$C$13:$C$23,MIN((MATCH($B$5,Plan!$C$13:$C$23,1)+5),11))/Plan!$C$8,1))<=200,Plan!$C$6+(Plan!$C$7-Plan!$C$6)*(MAX(1,CEILING(INDEX(Plan!$C$13:$C$23,MIN((MATCH($B$5,Plan!$C$13:$C$23,1)+5),11))/Plan!$C$8,1))-100)/100,Plan!$C$7))+SUMPRODUCT((INDEX(Plan!$C$13:$C$23,MIN((MATCH($B$5,Plan!$C$13:$C$23,1)+5),11))>=Plan!$C$13:$C$23)*Plan!$D$13:$D$23))-(($B$5*IF(MAX(1,CEILING($B$5/Plan!$C$8,1))<=100,Plan!$C$5+(Plan!$C$6-Plan!$C$5)*(MAX(1,CEILING($B$5/Plan!$C$8,1))-1)/99,IF(MAX(1,CEILING($B$5/Plan!$C$8,1))<=200,Plan!$C$6+(Plan!$C$7-Plan!$C$6)*(MAX(1,CEILING($B$5/Plan!$C$8,1))-100)/100,Plan!$C$7)))+SUMPRODUCT(($B$5>=Plan!$C$13:$C$23)*Plan!$D$13:$D$23)))} -> 93955.152 | E28: {=IF(((MATCH($B$5,Plan!$C$13:$C$23,1)+5)>11),"",INDEX(Plan!$C$13:$C$23,MIN((MATCH($B$5,Plan!$C$13:$C$23,1)+5),11))-$B$5)} -> 648000
A29: Note: Because the rate climbs and applies to total sales-to-date (retroactive whole-amount), every additional $10K closed re-rates everything sold so far. That is why 'More $ Than Now' grows faster than 'Sales To Get There' as the rep climbs.

Sheet Increment Schedule
A1: Increment Schedule — every $10K of sales, with status, rate, and cumulative payout
A2: Each row represents one $10K band of sales. The rate climbs band-by-band and applies to the rep's entire balance, so each new band also produces a re-rate uplift on prior sales. Gold rows = a status bonus fires.
A4: # | B4: Sales ($) | C4: Status | D4: Rate | E4: New $10K Earns | F4: Re-rate Uplift on Prior | G4: Status Bonus | H4: Δ Payout (this step) | I4: Total Payout | K4: cum bonus
A5: 1 | B5: =1*Plan!$C$8 -> 10000 | C5: {=INDEX(Plan!$B$13:$B$23,MATCH(B5,Plan!$C$13:$C$23,1))} -> Associate | D5: =IF(A5<=100,Plan!$C$5+(Plan!$C$6-Plan!$C$5)*(A5-1)/99,IF(A5<=200,Plan!$C$6+(Plan!$C$7-Plan!$C$6)*(A5-100)/100,Plan!$C$7)) -> 0.08 | E5: =D5*Plan!$C$8 -> 800 | F5: 0 | G5: =K5 -> 0 | H5: =E5+F5+G5 -> 800 | I5: =B5*D5+K5 -> 800 | K5: =SUMPRODUCT((B5>=Plan!$C$13:$C$23)*Plan!$D$13:$D$23) -> 0
A6: 2 | B6: =2*Plan!$C$8 -> 20000 | C6: {=INDEX(Plan!$B$13:$B$23,MATCH(B6,Plan!$C$13:$C$23,1))} -> Associate | D6: =IF(A6<=100,Plan!$C$5+(Plan!$C$6-Plan!$C$5)*(A6-1)/99,IF(A6<=200,Plan!$C$6+(Plan!$C$7-Plan!$C$6)*(A6-100)/100,Plan!$C$7)) -> 0.080606061 | E6: =D6*Plan!$C$8 -> 806.06061 | F6: =B5*(D6-D5) -> 6.0606061 | G6: =K6-K5 -> 0 | H6: =E6+F6+G6 -> 812.12121 | I6: =B6*D6+K6 -> 1612.1212 | K6: =SUMPRODUCT((B6>=Plan!$C$13:$C$23)*Plan!$D$13:$D$23) -> 0
A7: 3 | B7: =3*Plan!$C$8 -> 30000 | C7: {=INDEX(Plan!$B$13:$B$23,MATCH(B7,Plan!$C$13:$C$23,1))} -> Associate | D7: =IF(A7<=100,Plan!$C$5+(Plan!$C$6-Plan!$C$5)*(A7-1)/99,IF(A7<=200,Plan!$C$6+(Plan!$C$7-Plan!$C$6)*(A7-100)/100,Plan!$C$7)) -> 0.081212121 | E7: =D7*Plan!$C$8 -> 812.12121 | F7: =B6*(D7-D6) -> 12.121212 | G7: =K7-K6 -> 0 | H7: =E7+F7+G7 -> 824.24242 | I7: =B7*D7+K7 -> 2436.3636 | K7: =SUMPRODUCT((B7>=Plan!$C$13:$C$23)*Plan!$D$13:$D$23) -> 0
A8: 4 | B8: =4*Plan!$C$8 -> 40000 | C8: {=INDEX(Plan!$B$13:$B$23,MATCH(B8,Plan!$C$13:$C$23,1))} -> Associate | D8: =IF(A8<=100,Plan!$C$5+(Plan!$C$6-Plan!$C$5)*(A8-1)/99,IF(A8<=200,Plan!$C$6+(Plan!$C$7-Plan!$C$6)*(A8-100)/100,Plan!$C$7)) -> 0.081818182 | E8: =D8*Plan!$C$8 -> 818.18182 | F8: =B7*(D8-D7) -> 18.181818 | G8: =K8-K7 -> 0 | H8: =E8+F8+G8 -> 836.36364 | I8: =B8*D8+K8 -> 3272.7273 | K8: =SUMPRODUCT((B8>=Plan!$C$13:$C$23)*Plan!$D$13:$D$23) -> 0
A9: 5 | B9: =5*Plan!$C$8 -> 50000 | C9: {=INDEX(Plan!$B$13:$B$23,MATCH(B9,Plan!$C$13:$C$23,1))} -> Account Executive | D9: =IF(A9<=100,Plan!$C$5+(Plan!$C$6-Plan!$C$5)*(A9-1)/99,IF(A9<=200,Plan!$C$6+(Plan!$C$7-Plan!$C$6)*(A9-100)/100,Plan!$C$7)) -> 0.082424242 | E9: =D9*Plan!$C$8 -> 824.24242 | F9: =B8*(D9-D8) -> 24.242424 | G9: =K9-K8 -> 1000 | H9: =E9+F9+G9 -> 1848.4848 | I9: =B9*D9+K9 -> 5121.2121 | K9: =SUMPRODUCT((B9>=Plan!$C$13:$C$23)*Plan!$D$13:$D$23) -> 1000
A10: 6 | B10: =6*Plan!$C$8 -> 60000 | C10: {=INDEX(Plan!$B$13:$B$23,MATCH(B10,Plan!$C$13:$C$23,1))} -> Account Executive | D10: =IF(A10<=100,Plan!$C$5+(Plan!$C$6-Plan!$C$5)*(A10-1)/99,IF(A10<=200,Plan!$C$6+(Plan!$C$7-Plan!$C$6)*(A10-100)/100,Plan!$C$7)) -> 0.083030303 | E10: =D10*Plan!$C$8 -> 830.30303 | F10: =B9*(D10-D9) -> 30.30303 | G10: =K10-K9 -> 0 | H10: =E10+F10+G10 -> 860.60606 | I10: =B10*D10+K10 -> 5981.8182 | K10: =SUMPRODUCT((B10>=Plan!$C$13:$C$23)*Plan!$D$13:$D$23) -> 1000
A11: 7 | B11: =7*Plan!$C$8 -> 70000 | C11: {=INDEX(Plan!$B$13:$B$23,MATCH(B11,Plan!$C$13:$C$23,1))} -> Account Executive | D11: =IF(A11<=100,Plan!$C$5+(Plan!$C$6-Plan!$C$5)*(A11-1)/99,IF(A11<=200,Plan!$C$6+(Plan!$C$7-Plan!$C$6)*(A11-100)/100,Plan!$C$7)) -> 0.083636364 | E11: =D11*Plan!$C$8 -> 836.36364 | F11: =B10*(D11-D10) -> 36.363636 | G11: =K11-K10 -> 0 | H11: =E11+F11+G11 -> 872.72727 | I11: =B11*D11+K11 -> 6854.5455 | K11: =SUMPRODUCT((B11>=Plan!$C$13:$C$23)*Plan!$D$13:$D$23) -> 1000
A12: 8 | B12: =8*Plan!$C$8 -> 80000 | C12: {=INDEX(Plan!$B$13:$B$23,MATCH(B12,Plan!$C$13:$C$23,1))} -> Account Executive | D12: =IF(A12<=100,Plan!$C$5+(Plan!$C$6-Plan!$C$5)*(A12-1)/99,IF(A12<=200,Plan!$C$6+(Plan!$C$7-Plan!$C$6)*(A12-100)/100,Plan!$C$7)) -> 0.084242424 | E12: =D12*Plan!$C$8 -> 842.42424 | F12: =B11*(D12-D11) -> 42.424242 | G12: =K12-K11 -> 0 | H12: =E12+F12+G12 -> 884.84848 | I12: =B12*D12+K12 -> 7739.3939 | K12: =SUMPRODUCT((B12>=Plan!$C$13:$C$23)*Plan!$D$13:$D$23) -> 1000
A13: 9 | B13: =9*Plan!$C$8 -> 90000 | C13: {=INDEX(Plan!$B$13:$B$23,MATCH(B13,Plan!$C$13:$C$23,1))} -> Account Executive | D13: =IF(A13<=100,Plan!$C$5+(Plan!$C$6-Plan!$C$5)*(A13-1)/99,IF(A13<=200,Plan!$C$6+(Plan!$C$7-Plan!$C$6)*(A13-100)/100,Plan!$C$7)) -> 0.084848485 | E13: =D13*Plan!$C$8 -> 848.48485 | F13: =B12*(D13-D12) -> 48.484848 | G13: =K13-K12 -> 0 | H13: =E13+F13+G13 -> 896.9697 | I13: =B13*D13+K13 -> 8636.3636 | K13: =SUMPRODUCT((B13>=Plan!$C$13:$C$23)*Plan!$D$13:$D$23) -> 1000
A14: 10 | B14: =10*Plan!$C$8 -> 100000 | C14: {=INDEX(Plan!$B$13:$B$23,MATCH(B14,Plan!$C$13:$C$23,1))} -> Account Executive | D14: =IF(A14<=100,Plan!$C$5+(Plan!$C$6-Plan!$C$5)*(A14-1)/99,IF(A14<=200,Plan!$C$6+(Plan!$C$7-Plan!$C$6)*(A14-100)/100,Plan!$C$7)) -> 0.085454545 | E14: =D14*Plan!$C$8 -> 854.54545 | F14: =B13*(D14-D13) -> 54.545455 | G14: =K14-K13 -> 0 | H14: =E14+F14+G14 -> 909.09091 | I14: =B14*D14+K14 -> 9545.4545 | K14: =SUMPRODUCT((B14>=Plan!$C$13:$C$23)*Plan!$D$13:$D$23) -> 1000
A15: 11 | B15: =11*Plan!$C$8 -> 110000 | C15: {=INDEX(Plan!$B$13:$B$23,MATCH(B15,Plan!$C$13:$C$23,1))} -> Account Executive | D15: =IF(A15<=100,Plan!$C$5+(Plan!$C$6-Plan!$C$5)*(A15-1)/99,IF(A15<=200,Plan!$C$6+(Plan!$C$7-Plan!$C$6)*(A15-100)/100,Plan!$C$7)) -> 0.086060606 | E15: =D15*Plan!$C$8 -> 860.60606 | F15: =B14*(D15-D14) -> 60.606061 | G15: =K15-K14 -> 0 | H15: =E15+F15+G15 -> 921.21212 | I15: =B15*D15+K15 -> 10466.667 | K15: =SUMPRODUCT((B15>=Plan!$C$13:$C$23)*Plan!$D$13:$D$23) -> 1000
A16: 12 | B16: =12*Plan!$C$8 -> 120000 | C16: {=INDEX(Plan!$B$13:$B$23,MATCH(B16,Plan!$C$13:$C$23,1))} -> Account Executive | D16: =IF(A16<=100,Plan!$C$5+(Plan!$C$6-Plan!$C$5)*(A16-1)/99,IF(A16<=200,Plan!$C$6+(Plan!$C$7-Plan!$C$6)*(A16-100)/100,Plan!$C$7)) -> 0.086666667 | E16: =D16*Plan!$C$8 -> 866.66667 | F16: =B15*(D16-D15) -> 66.666667 | G16: =K16-K15 -> 0 | H16: =E16+F16+G16 -> 933.33333 | I16: =B16*D16+K16 -> 11400 | K16: =SUMPRODUCT((B16>=Plan!$C$13:$C$23)*Plan!$D$13:$D$23) -> 1000
A17: 13 | B17: =13*Plan!$C$8 -> 130000 | C17: {=INDEX(Plan!$B$13:$B$23,MATCH(B17,Plan!$C$13:$C$23,1))} -> Senior Account Executive | D17: =IF(A17<=100,Plan!$C$5+(Plan!$C$6-Plan!$C$5)*(A17-1)/99,IF(A17<=200,Plan!$C$6+(Plan!$C$7-Plan!$C$6)*(A17-100)/100,Plan!$C$7)) -> 0.087272727 | E17: =D17*Plan!$C$8 -> 872.72727 | F17: =B16*(D17-D16) -> 72.727273 | G17: =K17-K16 -> 1500 | H17: =E17+F17+G17 -> 2445.4545 | I17: =B17*D17+K17 -> 13845.455 | K17: =SUMPRODUCT((B17>=Plan!$C$13:$C$23)*Plan!$D$13:$D$23) -> 2500
A18: 14 | B18: =14*Plan!$C$8 -> 140000 | C18: {=INDEX(Plan!$B$13:$B$23,MATCH(B18,Plan!$C$13:$C$23,1))} -> Senior Account Executive | D18: =IF(A18<=100,Plan!$C$5+(Plan!$C$6-Plan!$C$5)*(A18-1)/99,IF(A18<=200,Plan!$C$6+(Plan!$C$7-Plan!$C$6)*(A18-100)/100,Plan!$C$7)) -> 0.087878788 | E18: =D18*Plan!$C$8 -> 878.78788 | F18: =B17*(D18-D17) -> 78.787879 | G18: =K18-K17 -> 0 | H18: =E18+F18+G18 -> 957.57576 | I18: =B18*D18+K18 -> 14803.03 | K18: =SUMPRODUCT((B18>=Plan!$C$13:$C$23)*Plan!$D$13:$D$23) -> 2500
A19: 15 | B19: =15*Plan!$C$8 -> 150000 | C19: {=INDEX(Plan!$B$13:$B$23,MATCH(B19,Plan!$C$13:$C$23,1))} -> Senior Account Executive | D19: =IF(A19<=100,Plan!$C$5+(Plan!$C$6-Plan!$C$5)*(A19-1)/99,IF(A19<=200,Plan!$C$6+(Plan!$C$7-Plan!$C$6)*(A19-100)/100,Plan!$C$7)) -> 0.088484848 | E19: =D19*Plan!$C$8 -> 884.84848 | F19: =B18*(D19-D18) -> 84.848485 | G19: =K19-K18 -> 0 | H19: =E19+F19+G19 -> 969.69697 | I19: =B19*D19+K19 -> 15772.727 | K19: =SUMPRODUCT((B19>=Plan!$C$13:$C$23)*Plan!$D$13:$D$23) -> 2500
A20: 16 | B20: =16*Plan!$C$8 -> 160000 | C20: {=INDEX(Plan!$B$13:$B$23,MATCH(B20,Plan!$C$13:$C$23,1))} -> Senior Account Executive | D20: =IF(A20<=100,Plan!$C$5+(Plan!$C$6-Plan!$C$5)*(A20-1)/99,IF(A20<=200,Plan!$C$6+(Plan!$C$7-Plan!$C$6)*(A20-100)/100,Plan!$C$7)) -> 0.089090909 | E20: =D20*Plan!$C$8 -> 890.90909 | F20: =B19*(D20-D19) -> 90.909091 | G20: =K20-K19 -> 0 | H20: =E20+F20+G20 -> 981.81818 | I20: =B20*D20+K20 -> 16754.545 | K20: =SUMPRODUCT((B20>=Plan!$C$13:$C$23)*Plan!$D$13:$D$23) -> 2500
A21: 17 | B21: =17*Plan!$C$8 -> 170000 | C21: {=INDEX(Plan!$B$13:$B$23,MATCH(B21,Plan!$C$13:$C$23,1))} -> Senior Account Executive | D21: =IF(A21<=100,Plan!$C$5+(Plan!$C$6-Plan!$C$5)*(A21-1)/99,IF(A21<=200,Plan!$C$6+(Plan!$C$7-Plan!$C$6)*(A21-100)/100,Plan!$C$7)) -> 0.08969697 | E21: =D21*Plan!$C$8 -> 896.9697 | F21: =B20*(D21-D20) -> 96.969697 | G21: =K21-K20 -> 0 | H21: =E21+F21+G21 -> 993.93939 | I21: =B21*D21+K21 -> 17748.485 | K21: =SUMPRODUCT((B21>=Plan!$C$13:$C$23)*Plan!$D$13:$D$23) -> 2500
A22: 18 | B22: =18*Plan!$C$8 -> 180000 | C22: {=INDEX(Plan!$B$13:$B$23,MATCH(B22,Plan!$C$13:$C$23,1))} -> Senior Account Executive | D22: =IF(A22<=100,Plan!$C$5+(Plan!$C$6-Plan!$C$5)*(A22-1)/99,IF(A22<=200,Plan!$C$6+(Plan!$C$7-Plan!$C$6)*(A22-100)/100,Plan!$C$7)) -> 0.09030303 | E22: =D22*Plan!$C$8 -> 903.0303 | F22: =B21*(D22-D21) -> 103.0303 | G22: =K22-K21 -> 0 | H22: =E22+F22+G22 -> 1006.0606 | I22: =B22*D22+K22 -> 18754.545 | K22: =SUMPRODUCT((B22>=Plan!$C$13:$C$23)*Plan!$D$13:$D$23) -> 2500
A23: 19 | B23: =19*Plan!$C$8 -> 190000 | C23: {=INDEX(Plan!$B$13:$B$23,MATCH(B23,Plan!$C$13:$C$23,1))} -> Senior Account Executive | D23: =IF(A23<=100,Plan!$C$5+(Plan!$C$6-Plan!$C$5)*(A23-1)/99,IF(A23<=200,Plan!$C$6+(Plan!$C$7-Plan!$C$6)*(A23-100)/100,Plan!$C$7)) -> 0.090909091 | E23: =D23*Plan!$C$8 -> 909.09091 | F23: =B22*(D23-D22) -> 109.09091 | G23: =K23-K22 -> 0 | H23: =E23+F23+G23 -> 1018.1818 | I23: =B23*D23+K23 -> 19772.727 | K23: =SUMPRODUCT((B23>=Plan!$C$13:$C$23)*Plan!$D$13:$D$23) -> 2500
A24: 20 | B24: =20*Plan!$C$8 -> 200000 | C24: {=INDEX(Plan!$B$13:$B$23,MATCH(B24,Plan!$C$13:$C$23,1))} -> Senior Account Executive | D24: =IF(A24<=100,Plan!$C$5+(Plan!$C$6-Plan!$C$5)*(A24-1)/99,IF(A24<=200,Plan!$C$6+(Plan!$C$7-Plan!$C$6)*(A24-100)/100,Plan!$C$7)) -> 0.091515152 | E24: =D24*Plan!$C$8 -> 915.15152 | F24: =B23*(D24-D23) -> 115.15152 | G24: =K24-K23 -> 0 | H24: =E24+F24+G24 -> 1030.303 | I24: =B24*D24+K24 -> 20803.03 | K24: =SUMPRODUCT((B24>=Plan!$C$13:$C$23)*Plan!$D$13:$D$23) -> 2500
A25: 21 | B25: =21*Plan!$C$8 -> 210000 | C25: {=INDEX(Plan!$B$13:$B$23,MATCH(B25,Plan!$C$13:$C$23,1))} -> Senior Account Executive | D25: =IF(A25<=100,Plan!$C$5+(Plan!$C$6-Plan!$C$5)*(A25-1)/99,IF(A25<=200,Plan!$C$6+(Plan!$C$7-Plan!$C$6)*(A25-100)/100,Plan!$C$7)) -> 0.092121212 | E25: =D25*Plan!$C$8 -> 921.21212 | F25: =B24*(D25-D24) -> 121.21212 | G25: =K25-K24 -> 0 | H25: =E25+F25+G25 -> 1042.4242 | I25: =B25*D25+K25 -> 21845.455 | K25: =SUMPRODUCT((B25>=Plan!$C$13:$C$23)*Plan!$D$13:$D$23) -> 2500
A26: 22 | B26: =22*Plan!$C$8 -> 220000 | C26: {=INDEX(Plan!$B$13:$B$23,MATCH(B26,Plan!$C$13:$C$23,1))} -> Senior Account Executive | D26: =IF(A26<=100,Plan!$C$5+(Plan!$C$6-Plan!$C$5)*(A26-1)/99,IF(A26<=200,Plan!$C$6+(Plan!$C$7-Plan!$C$6)*(A26-100)/100,Plan!$C$7)) -> 0.092727273 | E26: =D26*Plan!$C$8 -> 927.27273 | F26: =B25*(D26-D25) -> 127.27273 | G26: =K26-K25 -> 0 | H26: =E26+F26+G26 -> 1054.5455 | I26: =B26*D26+K26 -> 22900 | K26: =SUMPRODUCT((B26>=Plan!$C$13:$C$23)*Plan!$D$13:$D$23) -> 2500
A27: 23 | B27: =23*Plan!$C$8 -> 230000 | C27: {=INDEX(Plan!$B$13:$B$23,MATCH(B27,Plan!$C$13:$C$23,1))} -> Account Director | D27: =IF(A27<=100,Plan!$C$5+(Plan!$C$6-Plan!$C$5)*(A27-1)/99,IF(A27<=200,Plan!$C$6+(Plan!$C$7-Plan!$C$6)*(A27-100)/100,Plan!$C$7)) -> 0.093333333 | E27: =D27*Plan!$C$8 -> 933.33333 | F27: =B26*(D27-D26) -> 133.33333 | G27: =K27-K26 -> 2000 | H27: =E27+F27+G27 -> 3066.6667 | I27: =B27*D27+K27 -> 25966.667 | K27: =SUMPRODUCT((B27>=Plan!$C$13:$C$23)*Plan!$D$13:$D$23) -> 4500
A28: 24 | B28: =24*Plan!$C$8 -> 240000 | C28: {=INDEX(Plan!$B$13:$B$23,MATCH(B28,Plan!$C$13:$C$23,1))} -> Account Director | D28: =IF(A28<=100,Plan!$C$5+(Plan!$C$6-Plan!$C$5)*(A28-1)/99,IF(A28<=200,Plan!$C$6+(Plan!$C$7-Plan!$C$6)*(A28-100)/100,Plan!$C$7)) -> 0.093939394 | E28: =D28*Plan!$C$8 -> 939.39394 | F28: =B27*(D28-D27) -> 139.39394 | G28: =K28-K27 -> 0 | H28: =E28+F28+G28 -> 1078.7879 | I28: =B28*D28+K28 -> 27045.455 | K28: =SUMPRODUCT((B28>=Plan!$C$13:$C$23)*Plan!$D$13:$D$23) -> 4500
A29: 25 | B29: =25*Plan!$C$8 -> 250000 | C29: {=INDEX(Plan!$B$13:$B$23,MATCH(B29,Plan!$C$13:$C$23,1))} -> Account Director | D29: =IF(A29<=100,Plan!$C$5+(Plan!$C$6-Plan!$C$5)*(A29-1)/99,IF(A29<=200,Plan!$C$6+(Plan!$C$7-Plan!$C$6)*(A29-100)/100,Plan!$C$7)) -> 0.094545455 | E29: =D29*Plan!$C$8 -> 945.45455 | F29: =B28*(D29-D28) -> 145.45455 | G29: =K29-K28 -> 0 | H29: =E29+F29+G29 -> 1090.9091 | I29: =B29*D29+K29 -> 28136.364 | K29: =SUMPRODUCT((B29>=Plan!$C$13:$C$23)*Plan!$D$13:$D$23) -> 4500
A30: 26 | B30: =26*Plan!$C$8 -> 260000 | C30: {=INDEX(Plan!$B$13:$B$23,MATCH(B30,Plan!$C$13:$C$23,1))} -> Account Director | D30: =IF(A30<=100,Plan!$C$5+(Plan!$C$6-Plan!$C$5)*(A30-1)/99,IF(A30<=200,Plan!$C$6+(Plan!$C$7-Plan!$C$6)*(A30-100)/100,Plan!$C$7)) -> 0.095151515 | E30: =D30*Plan!$C$8 -> 951.51515 | F30: =B29*(D30-D29) -> 151.51515 | G30: =K30-K29 -> 0 | H30: =E30+F30+G30 -> 1103.0303 | I30: =B30*D30+K30 -> 29239.394 | K30: =SUMPRODUCT((B30>=Plan!$C$13:$C$23)*Plan!$D$13:$D$23) -> 4500
A31: 27 | B31: =27*Plan!$C$8 -> 270000 | C31: {=INDEX(Plan!$B$13:$B$23,MATCH(B31,Plan!$C$13:$C$23,1))} -> Account Director | D31: =IF(A31<=100,Plan!$C$5+(Plan!$C$6-Plan!$C$5)*(A31-1)/99,IF(A31<=200,Plan!$C$6+(Plan!$C$7-Plan!$C$6)*(A31-100)/100,Plan!$C$7)) -> 0.095757576 | E31: =D31*Plan!$C$8 -> 957.57576 | F31: =B30*(D31-D30) -> 157.57576 | G31: =K31-K30 -> 0 | H31: =E31+F31+G31 -> 1115.1515 | I31: =B31*D31+K31 -> 30354.545 | K31: =SUMPRODUCT((B31>=Plan!$C$13:$C$23)*Plan!$D$13:$D$23) -> 4500
A32: 28 | B32: =28*Plan!$C$8 -> 280000 | C32: {=INDEX(Plan!$B$13:$B$23,MATCH(B32,Plan!$C$13:$C$23,1))} -> Account Director | D32: =IF(A32<=100,Plan!$C$5+(Plan!$C$6-Plan!$C$5)*(A32-1)/99,IF(A32<=200,Plan!$C$6+(Plan!$C$7-Plan!$C$6)*(A32-100)/100,Plan!$C$7)) -> 0.096363636 | E32: =D32*Plan!$C$8 -> 963.63636 | F32: =B31*(D32-D31) -> 163.63636 | G32: =K32-K31 -> 0 | H32: =E32+F32+G32 -> 1127.2727 | I32: =B32*D32+K32 -> 31481.818 | K32: =SUMPRODUCT((B32>=Plan!$C$13:$C$23)*Plan!$D$13:$D$23) -> 4500
A33: 29 | B33: =29*Plan!$C$8 -> 290000 | C33: {=INDEX(Plan!$B$13:$B$23,MATCH(B33,Plan!$C$13:$C$23,1))} -> Account Director | D33: =IF(A33<=100,Plan!$C$5+(Plan!$C$6-Plan!$C$5)*(A33-1)/99,IF(A33<=200,Plan!$C$6+(Plan!$C$7-Plan!$C$6)*(A33-100)/100,Plan!$C$7)) -> 0.096969697 | E33: =D33*Plan!$C$8 -> 969.69697 | F33: =B32*(D33-D32) -> 169.69697 | G33: =K33-K32 -> 0 | H33: =E33+F33+G33 -> 1139.3939 | I33: =B33*D33+K33 -> 32621.212 | K33: =SUMPRODUCT((B33>=Plan!$C$13:$C$23)*Plan!$D$13:$D$23) -> 4500
A34: 30 | B34: =30*Plan!$C$8 -> 300000 | C34: {=INDEX(Plan!$B$13:$B$23,MATCH(B34,Plan!$C$13:$C$23,1))} -> Account Director | D34: =IF(A34<=100,Plan!$C$5+(Plan!$C$6-Plan!$C$5)*(A34-1)/99,IF(A34<=200,Plan!$C$6+(Plan!$C$7-Plan!$C$6)*(A34-100)/100,Plan!$C$7)) -> 0.097575758 | E34: =D34*Plan!$C$8 -> 975.75758 | F34: =B33*(D34-D33) -> 175.75758 | G34: =K34-K33 -> 0 | H34: =E34+F34+G34 -> 1151.5152 | I34: =B34*D34+K34 -> 33772.727 | K34: =SUMPRODUCT((B34>=Plan!$C$13:$C$23)*Plan!$D$13:$D$23) -> 4500
A35: 31 | B35: =31*Plan!$C$8 -> 310000 | C35: {=INDEX(Plan!$B$13:$B$23,MATCH(B35,Plan!$C$13:$C$23,1))} -> Account Director | D35: =IF(A35<=100,Plan!$C$5+(Plan!$C$6-Plan!$C$5)*(A35-1)/99,IF(A35<=200,Plan!$C$6+(Plan!$C$7-Plan!$C$6)*(A35-100)/100,Plan!$C$7)) -> 0.098181818 | E35: =D35*Plan!$C$8 -> 981.81818 | F35: =B34*(D35-D34) -> 181.81818 | G35: =K35-K34 -> 0 | H35: =E35+F35+G35 -> 1163.6364 | I35: =B35*D35+K35 -> 34936.364 | K35: =SUMPRODUCT((B35>=Plan!$C$13:$C$23)*Plan!$D$13:$D$23) -> 4500
A36: 32 | B36: =32*Plan!$C$8 -> 320000 | C36: {=INDEX(Plan!$B$13:$B$23,MATCH(B36,Plan!$C$13:$C$23,1))} -> Account Director | D36: =IF(A36<=100,Plan!$C$5+(Plan!$C$6-Plan!$C$5)*(A36-1)/99,IF(A36<=200,Plan!$C$6+(Plan!$C$7-Plan!$C$6)*(A36-100)/100,Plan!$C$7)) -> 0.098787879 | E36: =D36*Plan!$C$8 -> 987.87879 | F36: =B35*(D36-D35) -> 187.87879 | G36: =K36-K35 -> 0 | H36: =E36+F36+G36 -> 1175.7576 | I36: =B36*D36+K36 -> 36112.121 | K36: =SUMPRODUCT((B36>=Plan!$C$13:$C$23)*Plan!$D$13:$D$23) -> 4500
A37: 33 | B37: =33*Plan!$C$8 -> 330000 | C37: {=INDEX(Plan!$B$13:$B$23,MATCH(B37,Plan!$C$13:$C$23,1))} -> Account Director | D37: =IF(A37<=100,Plan!$C$5+(Plan!$C$6-Plan!$C$5)*(A37-1)/99,IF(A37<=200,Plan!$C$6+(Plan!$C$7-Plan!$C$6)*(A37-100)/100,Plan!$C$7)) -> 0.099393939 | E37: =D37*Plan!$C$8 -> 993.93939 | F37: =B36*(D37-D36) -> 193.93939 | G37: =K37-K36 -> 0 | H37: =E37+F37+G37 -> 1187.8788 | I37: =B37*D37+K37 -> 37300 | K37: =SUMPRODUCT((B37>=Plan!$C$13:$C$23)*Plan!$D$13:$D$23) -> 4500
A38: 34 | B38: =34*Plan!$C$8 -> 340000 | C38: {=INDEX(Plan!$B$13:$B$23,MATCH(B38,Plan!$C$13:$C$23,1))} -> Account Director | D38: =IF(A38<=100,Plan!$C$5+(Plan!$C$6-Plan!$C$5)*(A38-1)/99,IF(A38<=200,Plan!$C$6+(Plan!$C$7-Plan!$C$6)*(A38-100)/100,Plan!$C$7)) -> 0.1 | E38: =D38*Plan!$C$8 -> 1000 | F38: =B37*(D38-D37) -> 200 | G38: =K38-K37 -> 0 | H38: =E38+F38+G38 -> 1200 | I38: =B38*D38+K38 -> 38500 | K38: =SUMPRODUCT((B38>=Plan!$C$13:$C$23)*Plan!$D$13:$D$23) -> 4500
A39: 35 | B39: =35*Plan!$C$8 -> 350000 | C39: {=INDEX(Plan!$B$13:$B$23,MATCH(B39,Plan!$C$13:$C$23,1))} -> Senior Account Director | D39: =IF(A39<=100,Plan!$C$5+(Plan!$C$6-Plan!$C$5)*(A39-1)/99,IF(A39<=200,Plan!$C$6+(Plan!$C$7-Plan!$C$6)*(A39-100)/100,Plan!$C$7)) -> 0.10060606 | E39: =D39*Plan!$C$8 -> 1006.0606 | F39: =B38*(D39-D38) -> 206.06061 | G39: =K39-K38 -> 2500 | H39: =E39+F39+G39 -> 3712.1212 | I39: =B39*D39+K39 -> 42212.121 | K39: =SUMPRODUCT((B39>=Plan!$C$13:$C$23)*Plan!$D$13:$D$23) -> 7000
A40: 36 | B40: =36*Plan!$C$8 -> 360000 | C40: {=INDEX(Plan!$B$13:$B$23,MATCH(B40,Plan!$C$13:$C$23,1))} -> Senior Account Director | D40: =IF(A40<=100,Plan!$C$5+(Plan!$C$6-Plan!$C$5)*(A40-1)/99,IF(A40<=200,Plan!$C$6+(Plan!$C$7-Plan!$C$6)*(A40-100)/100,Plan!$C$7)) -> 0.10121212 | E40: =D40*Plan!$C$8 -> 1012.1212 | F40: =B39*(D40-D39) -> 212.12121 | G40: =K40-K39 -> 0 | H40: =E40+F40+G40 -> 1224.2424 | I40: =B40*D40+K40 -> 43436.364 | K40: =SUMPRODUCT((B40>=Plan!$C$13:$C$23)*Plan!$D$13:$D$23) -> 7000
A41: 37 | B41: =37*Plan!$C$8 -> 370000 | C41: {=INDEX(Plan!$B$13:$B$23,MATCH(B41,Plan!$C$13:$C$23,1))} -> Senior Account Director | D41: =IF(A41<=100,Plan!$C$5+(Plan!$C$6-Plan!$C$5)*(A41-1)/99,IF(A41<=200,Plan!$C$6+(Plan!$C$7-Plan!$C$6)*(A41-100)/100,Plan!$C$7)) -> 0.10181818 | E41: =D41*Plan!$C$8 -> 1018.1818 | F41: =B40*(D41-D40) -> 218.18182 | G41: =K41-K40 -> 0 | H41: =E41+F41+G41 -> 1236.3636 | I41: =B41*D41+K41 -> 44672.727 | K41: =SUMPRODUCT((B41>=Plan!$C$13:$C$23)*Plan!$D$13:$D$23) -> 7000
A42: 38 | B42: =38*Plan!$C$8 -> 380000 | C42: {=INDEX(Plan!$B$13:$B$23,MATCH(B42,Plan!$C$13:$C$23,1))} -> Senior Account Director | D42: =IF(A42<=100,Plan!$C$5+(Plan!$C$6-Plan!$C$5)*(A42-1)/99,IF(A42<=200,Plan!$C$6+(Plan!$C$7-Plan!$C$6)*(A42-100)/100,Plan!$C$7)) -> 0.10242424 | E42: =D42*Plan!$C$8 -> 1024.2424 | F42: =B41*(D42-D41) -> 224.24242 | G42: =K42-K41 -> 0 | H42: =E42+F42+G42 -> 1248.4848 | I42: =B42*D42+K42 -> 45921.212 | K42: =SUMPRODUCT((B42>=Plan!$C$13:$C$23)*Plan!$D$13:$D$23) -> 7000
A43: 39 | B43: =39*Plan!$C$8 -> 390000 | C43: {=INDEX(Plan!$B$13:$B$23,MATCH(B43,Plan!$C$13:$C$23,1))} -> Senior Account Director | D43: =IF(A43<=100,Plan!$C$5+(Plan!$C$6-Plan!$C$5)*(A43-1)/99,IF(A43<=200,Plan!$C$6+(Plan!$C$7-Plan!$C$6)*(A43-100)/100,Plan!$C$7)) -> 0.1030303 | E43: =D43*Plan!$C$8 -> 1030.303 | F43: =B42*(D43-D42) -> 230.30303 | G43: =K43-K42 -> 0 | H43: =E43+F43+G43 -> 1260.6061 | I43: =B43*D43+K43 -> 47181.818 | K43: =SUMPRODUCT((B43>=Plan!$C$13:$C$23)*Plan!$D$13:$D$23) -> 7000
A44: 40 | B44: =40*Plan!$C$8 -> 400000 | C44: {=INDEX(Plan!$B$13:$B$23,MATCH(B44,Plan!$C$13:$C$23,1))} -> Senior Account Director | D44: =IF(A44<=100,Plan!$C$5+(Plan!$C$6-Plan!$C$5)*(A44-1)/99,IF(A44<=200,Plan!$C$6+(Plan!$C$7-Plan!$C$6)*(A44-100)/100,Plan!$C$7)) -> 0.10363636 | E44: =D44*Plan!$C$8 -> 1036.3636 | F44: =B43*(D44-D43) -> 236.36364 | G44: =K44-K43 -> 0 | H44: =E44+F44+G44 -> 1272.7273 | I44: =B44*D44+K44 -> 48454.545 | K44: =SUMPRODUCT((B44>=Plan!$C$13:$C$23)*Plan!$D$13:$D$23) -> 7000
A45: 41 | B45: =41*Plan!$C$8 -> 410000 | C45: {=INDEX(Plan!$B$13:$B$23,MATCH(B45,Plan!$C$13:$C$23,1))} -> Senior Account Director | D45: =IF(A45<=100,Plan!$C$5+(Plan!$C$6-Plan!$C$5)*(A45-1)/99,IF(A45<=200,Plan!$C$6+(Plan!$C$7-Plan!$C$6)*(A45-100)/100,Plan!$C$7)) -> 0.10424242 | E45: =D45*Plan!$C$8 -> 1042.4242 | F45: =B44*(D45-D44) -> 242.42424 | G45: =K45-K44 -> 0 | H45: =E45+F45+G45 -> 1284.8485 | I45: =B45*D45+K45 -> 49739.394 | K45: =SUMPRODUCT((B45>=Plan!$C$13:$C$23)*Plan!$D$13:$D$23) -> 7000
A46: 42 | B46: =42*Plan!$C$8 -> 420000 | C46: {=INDEX(Plan!$B$13:$B$23,MATCH(B46,Plan!$C$13:$C$23,1))} -> Senior Account Director | D46: =IF(A46<=100,Plan!$C$5+(Plan!$C$6-Plan!$C$5)*(A46-1)/99,IF(A46<=200,Plan!$C$6+(Plan!$C$7-Plan!$C$6)*(A46-100)/100,Plan!$C$7)) -> 0.10484848 | E46: =D46*Plan!$C$8 -> 1048.4848 | F46: =B45*(D46-D45) -> 248.48485 | G46: =K46-K45 -> 0 | H46: =E46+F46+G46 -> 1296.9697 | I46: =B46*D46+K46 -> 51036.364 | K46: =SUMPRODUCT((B46>=Plan!$C$13:$C$23)*Plan!$D$13:$D$23) -> 7000
A47: 43 | B47: =43*Plan!$C$8 -> 430000 | C47: {=INDEX(Plan!$B$13:$B$23,MATCH(B47,Plan!$C$13:$C$23,1))} -> Senior Account Director | D47: =IF(A47<=100,Plan!$C$5+(Plan!$C$6-Plan!$C$5)*(A47-1)/99,IF(A47<=200,Plan!$C$6+(Plan!$C$7-Plan!$C$6)*(A47-100)/100,Plan!$C$7)) -> 0.10545455 | E47: =D47*Plan!$C$8 -> 1054.5455 | F47: =B46*(D47-D46) -> 254.54545 | G47: =K47-K46 -> 0 | H47: =E47+F47+G47 -> 1309.0909 | I47: =B47*D47+K47 -> 52345.455 | K47: =SUMPRODUCT((B47>=Plan!$C$13:$C$23)*Plan!$D$13:$D$23) -> 7000
A48: 44 | B48: =44*Plan!$C$8 -> 440000 | C48: {=INDEX(Plan!$B$13:$B$23,MATCH(B48,Plan!$C$13:$C$23,1))} -> Senior Account Director | D48: =IF(A48<=100,Plan!$C$5+(Plan!$C$6-Plan!$C$5)*(A48-1)/99,IF(A48<=200,Plan!$C$6+(Plan!$C$7-Plan!$C$6)*(A48-100)/100,Plan!$C$7)) -> 0.10606061 | E48: =D48*Plan!$C$8 -> 1060.6061 | F48: =B47*(D48-D47) -> 260.60606 | G48: =K48-K47 -> 0 | H48: =E48+F48+G48 -> 1321.2121 | I48: =B48*D48+K48 -> 53666.667 | K48: =SUMPRODUCT((B48>=Plan!$C$13:$C$23)*Plan!$D$13:$D$23) -> 7000
A49: 45 | B49: =45*Plan!$C$8 -> 450000 | C49: {=INDEX(Plan!$B$13:$B$23,MATCH(B49,Plan!$C$13:$C$23,1))} -> Senior Account Director | D49: =IF(A49<=100,Plan!$C$5+(Plan!$C$6-Plan!$C$5)*(A49-1)/99,IF(A49<=200,Plan!$C$6+(Plan!$C$7-Plan!$C$6)*(A49-100)/100,Plan!$C$7)) -> 0.10666667 | E49: =D49*Plan!$C$8 -> 1066.6667 | F49: =B48*(D49-D48) -> 266.66667 | G49: =K49-K48 -> 0 | H49: =E49+F49+G49 -> 1333.3333 | I49: =B49*D49+K49 -> 55000 | K49: =SUMPRODUCT((B49>=Plan!$C$13:$C$23)*Plan!$D$13:$D$23) -> 7000
A50: 46 | B50: =46*Plan!$C$8 -> 460000 | C50: {=INDEX(Plan!$B$13:$B$23,MATCH(B50,Plan!$C$13:$C$23,1))} -> Senior Account Director | D50: =IF(A50<=100,Plan!$C$5+(Plan!$C$6-Plan!$C$5)*(A50-1)/99,IF(A50<=200,Plan!$C$6+(Plan!$C$7-Plan!$C$6)*(A50-100)/100,Plan!$C$7)) -> 0.10727273 | E50: =D50*Plan!$C$8 -> 1072.7273 | F50: =B49*(D50-D49) -> 272.72727 | G50: =K50-K49 -> 0 | H50: =E50+F50+G50 -> 1345.4545 | I50: =B50*D50+K50 -> 56345.455 | K50: =SUMPRODUCT((B50>=Plan!$C$13:$C$23)*Plan!$D$13:$D$23) -> 7000
A51: 47 | B51: =47*Plan!$C$8 -> 470000 | C51: {=INDEX(Plan!$B$13:$B$23,MATCH(B51,Plan!$C$13:$C$23,1))} -> Senior Account Director | D51: =IF(A51<=100,Plan!$C$5+(Plan!$C$6-Plan!$C$5)*(A51-1)/99,IF(A51<=200,Plan!$C$6+(Plan!$C$7-Plan!$C$6)*(A51-100)/100,Plan!$C$7)) -> 0.10787879 | E51: =D51*Plan!$C$8 -> 1078.7879 | F51: =B50*(D51-D50) -> 278.78788 | G51: =K51-K50 -> 0 | H51: =E51+F51+G51 -> 1357.5758 | I51: =B51*D51+K51 -> 57703.03 | K51: =SUMPRODUCT((B51>=Plan!$C$13:$C$23)*Plan!$D$13:$D$23) -> 7000
A52: 48 | B52: =48*Plan!$C$8 -> 480000 | C52: {=INDEX(Plan!$B$13:$B$23,MATCH(B52,Plan!$C$13:$C$23,1))} -> Senior Account Director | D52: =IF(A52<=100,Plan!$C$5+(Plan!$C$6-Plan!$C$5)*(A52-1)/99,IF(A52<=200,Plan!$C$6+(Plan!$C$7-Plan!$C$6)*(A52-100)/100,Plan!$C$7)) -> 0.10848485 | E52: =D52*Plan!$C$8 -> 1084.8485 | F52: =B51*(D52-D51) -> 284.84848 | G52: =K52-K51 -> 0 | H52: =E52+F52+G52 -> 1369.697 | I52: =B52*D52+K52 -> 59072.727 | K52: =SUMPRODUCT((B52>=Plan!$C$13:$C$23)*Plan!$D$13:$D$23) -> 7000
A53: 49 | B53: =49*Plan!$C$8 -> 490000 | C53: {=INDEX(Plan!$B$13:$B$23,MATCH(B53,Plan!$C$13:$C$23,1))} -> Senior Account Director | D53: =IF(A53<=100,Plan!$C$5+(Plan!$C$6-Plan!$C$5)*(A53-1)/99,IF(A53<=200,Plan!$C$6+(Plan!$C$7-Plan!$C$6)*(A53-100)/100,Plan!$C$7)) -> 0.10909091 | E53: =D53*Plan!$C$8 -> 1090.9091 | F53: =B52*(D53-D52) -> 290.90909 | G53: =K53-K52 -> 0 | H53: =E53+F53+G53 -> 1381.8182 | I53: =B53*D53+K53 -> 60454.545 | K53: =SUMPRODUCT((B53>=Plan!$C$13:$C$23)*Plan!$D$13:$D$23) -> 7000
A54: 50 | B54: =50*Plan!$C$8 -> 500000 | C54: {=INDEX(Plan!$B$13:$B$23,MATCH(B54,Plan!$C$13:$C$23,1))} -> Sales Director | D54: =IF(A54<=100,Plan!$C$5+(Plan!$C$6-Plan!$C$5)*(A54-1)/99,IF(A54<=200,Plan!$C$6+(Plan!$C$7-Plan!$C$6)*(A54-100)/100,Plan!$C$7)) -> 0.10969697 | E54: =D54*Plan!$C$8 -> 1096.9697 | F54: =B53*(D54-D53) -> 296.9697 | G54: =K54-K53 -> 3000 | H54: =E54+F54+G54 -> 4393.9394 | I54: =B54*D54+K54 -> 64848.485 | K54: =SUMPRODUCT((B54>=Plan!$C$13:$C$23)*Plan!$D$13:$D$23) -> 10000
A55: 51 | B55: =51*Plan!$C$8 -> 510000 | C55: {=INDEX(Plan!$B$13:$B$23,MATCH(B55,Plan!$C$13:$C$23,1))} -> Sales Director | D55: =IF(A55<=100,Plan!$C$5+(Plan!$C$6-Plan!$C$5)*(A55-1)/99,IF(A55<=200,Plan!$C$6+(Plan!$C$7-Plan!$C$6)*(A55-100)/100,Plan!$C$7)) -> 0.11030303 | E55: =D55*Plan!$C$8 -> 1103.0303 | F55: =B54*(D55-D54) -> 303.0303 | G55: =K55-K54 -> 0 | H55: =E55+F55+G55 -> 1406.0606 | I55: =B55*D55+K55 -> 66254.545 | K55: =SUMPRODUCT((B55>=Plan!$C$13:$C$23)*Plan!$D$13:$D$23) -> 10000
A56: 52 | B56: =52*Plan!$C$8 -> 520000 | C56: {=INDEX(Plan!$B$13:$B$23,MATCH(B56,Plan!$C$13:$C$23,1))} -> Sales Director | D56: =IF(A56<=100,Plan!$C$5+(Plan!$C$6-Plan!$C$5)*(A56-1)/99,IF(A56<=200,Plan!$C$6+(Plan!$C$7-Plan!$C$6)*(A56-100)/100,Plan!$C$7)) -> 0.11090909 | E56: =D56*Plan!$C$8 -> 1109.0909 | F56: =B55*(D56-D55) -> 309.09091 | G56: =K56-K55 -> 0 | H56: =E56+F56+G56 -> 1418.1818 | I56: =B56*D56+K56 -> 67672.727 | K56: =SUMPRODUCT((B56>=Plan!$C$13:$C$23)*Plan!$D$13:$D$23) -> 10000
A57: 53 | B57: =53*Plan!$C$8 -> 530000 | C57: {=INDEX(Plan!$B$13:$B$23,MATCH(B57,Plan!$C$13:$C$23,1))} -> Sales Director | D57: =IF(A57<=100,Plan!$C$5+(Plan!$C$6-Plan!$C$5)*(A57-1)/99,IF(A57<=200,Plan!$C$6+(Plan!$C$7-Plan!$C$6)*(A57-100)/100,Plan!$C$7)) -> 0.11151515 | E57: =D57*Plan!$C$8 -> 1115.1515 | F57: =B56*(D57-D56) -> 315.15152 | G57: =K57-K56 -> 0 | H57: =E57+F57+G57 -> 1430.303 | I57: =B57*D57+K57 -> 69103.03 | K57: =SUMPRODUCT((B57>=Plan!$C$13:$C$23)*Plan!$D$13:$D$23) -> 10000
A58: 54 | B58: =54*Plan!$C$8 -> 540000 | C58: {=INDEX(Plan!$B$13:$B$23,MATCH(B58,Plan!$C$13:$C$23,1))} -> Sales Director | D58: =IF(A58<=100,Plan!$C$5+(Plan!$C$6-Plan!$C$5)*(A58-1)/99,IF(A58<=200,Plan!$C$6+(Plan!$C$7-Plan!$C$6)*(A58-100)/100,Plan!$C$7)) -> 0.11212121 | E58: =D58*Plan!$C$8 -> 1121.2121 | F58: =B57*(D58-D57) -> 321.21212 | G58: =K58-K57 -> 0 | H58: =E58+F58+G58 -> 1442.4242 | I58: =B58*D58+K58 -> 70545.455 | K58: =SUMPRODUCT((B58>=Plan!$C$13:$C$23)*Plan!$D$13:$D$23) -> 10000
A59: 55 | B59: =55*Plan!$C$8 -> 550000 | C59: {=INDEX(Plan!$B$13:$B$23,MATCH(B59,Plan!$C$13:$C$23,1))} -> Sales Director | D59: =IF(A59<=100,Plan!$C$5+(Plan!$C$6-Plan!$C$5)*(A59-1)/99,IF(A59<=200,Plan!$C$6+(Plan!$C$7-Plan!$C$6)*(A59-100)/100,Plan!$C$7)) -> 0.11272727 | E59: =D59*Plan!$C$8 -> 1127.2727 | F59: =B58*(D59-D58) -> 327.27273 | G59: =K59-K58 -> 0 | H59: =E59+F59+G59 -> 1454.5455 | I59: =B59*D59+K59 -> 72000 | K59: =SUMPRODUCT((B59>=Plan!$C$13:$C$23)*Plan!$D$13:$D$23) -> 10000
A60: 56 | B60: =56*Plan!$C$8 -> 560000 | C60: {=INDEX(Plan!$B$13:$B$23,MATCH(B60,Plan!$C$13:$C$23,1))} -> Sales Director | D60: =IF(A60<=100,Plan!$C$5+(Plan!$C$6-Plan!$C$5)*(A60-1)/99,IF(A60<=200,Plan!$C$6+(Plan!$C$7-Plan!$C$6)*(A60-100)/100,Plan!$C$7)) -> 0.11333333 | E60: =D60*Plan!$C$8 -> 1133.3333 | F60: =B59*(D60-D59) -> 333.33333 | G60: =K60-K59 -> 0 | H60: =E60+F60+G60 -> 1466.6667 | I60: =B60*D60+K60 -> 73466.667 | K60: =SUMPRODUCT((B60>=Plan!$C$13:$C$23)*Plan!$D$13:$D$23) -> 10000
A61: 57 | B61: =57*Plan!$C$8 -> 570000 | C61: {=INDEX(Plan!$B$13:$B$23,MATCH(B61,Plan!$C$13:$C$23,1))} -> Sales Director | D61: =IF(A61<=100,Plan!$C$5+(Plan!$C$6-Plan!$C$5)*(A61-1)/99,IF(A61<=200,Plan!$C$6+(Plan!$C$7-Plan!$C$6)*(A61-100)/100,Plan!$C$7)) -> 0.11393939 | E61: =D61*Plan!$C$8 -> 1139.3939 | F61: =B60*(D61-D60) -> 339.39394 | G61: =K61-K60 -> 0 | H61: =E61+F61+G61 -> 1478.7879 | I61: =B61*D61+K61 -> 74945.455 | K61: =SUMPRODUCT((B61>=Plan!$C$13:$C$23)*Plan!$D$13:$D$23) -> 10000
A62: 58 | B62: =58*Plan!$C$8 -> 580000 | C62: {=INDEX(Plan!$B$13:$B$23,MATCH(B62,Plan!$C$13:$C$23,1))} -> Sales Director | D62: =IF(A62<=100,Plan!$C$5+(Plan!$C$6-Plan!$C$5)*(A62-1)/99,IF(A62<=200,Plan!$C$6+(Plan!$C$7-Plan!$C$6)*(A62-100)/100,Plan!$C$7)) -> 0.11454545 | E62: =D62*Plan!$C$8 -> 1145.4545 | F62: =B61*(D62-D61) -> 345.45455 | G62: =K62-K61 -> 0 | H62: =E62+F62+G62 -> 1490.9091 | I62: =B62*D62+K62 -> 76436.364 | K62: =SUMPRODUCT((B62>=Plan!$C$13:$C$23)*Plan!$D$13:$D$23) -> 10000
A63: 59 | B63: =59*Plan!$C$8 -> 590000 | C63: {=INDEX(Plan!$B$13:$B$23,MATCH(B63,Plan!$C$13:$C$23,1))} -> Sales Director | D63: =IF(A63<=100,Plan!$C$5+(Plan!$C$6-Plan!$C$5)*(A63-1)/99,IF(A63<=200,Plan!$C$6+(Plan!$C$7-Plan!$C$6)*(A63-100)/100,Plan!$C$7)) -> 0.11515152 | E63: =D63*Plan!$C$8 -> 1151.5152 | F63: =B62*(D63-D62) -> 351.51515 | G63: =K63-K62 -> 0 | H63: =E63+F63+G63 -> 1503.0303 | I63: =B63*D63+K63 -> 77939.394 | K63: =SUMPRODUCT((B63>=Plan!$C$13:$C$23)*Plan!$D$13:$D$23) -> 10000
A64: 60 | B64: =60*Plan!$C$8 -> 600000 | C64: {=INDEX(Plan!$B$13:$B$23,MATCH(B64,Plan!$C$13:$C$23,1))} -> Sales Director | D64: =IF(A64<=100,Plan!$C$5+(Plan!$C$6-Plan!$C$5)*(A64-1)/99,IF(A64<=200,Plan!$C$6+(Plan!$C$7-Plan!$C$6)*(A64-100)/100,Plan!$C$7)) -> 0.11575758 | E64: =D64*Plan!$C$8 -> 1157.5758 | F64: =B63*(D64-D63) -> 357.57576 | G64: =K64-K63 -> 0 | H64: =E64+F64+G64 -> 1515.1515 | I64: =B64*D64+K64 -> 79454.545 | K64: =SUMPRODUCT((B64>=Plan!$C$13:$C$23)*Plan!$D$13:$D$23) -> 10000
A65: 61 | B65: =61*Plan!$C$8 -> 610000 | C65: {=INDEX(Plan!$B$13:$B$23,MATCH(B65,Plan!$C$13:$C$23,1))} -> Sales Director | D65: =IF(A65<=100,Plan!$C$5+(Plan!$C$6-Plan!$C$5)*(A65-1)/99,IF(A65<=200,Plan!$C$6+(Plan!$C$7-Plan!$C$6)*(A65-100)/100,Plan!$C$7)) -> 0.11636364 | E65: =D65*Plan!$C$8 -> 1163.6364 | F65: =B64*(D65-D64) -> 363.63636 | G65: =K65-K64 -> 0 | H65: =E65+F65+G65 -> 1527.2727 | I65: =B65*D65+K65 -> 80981.818 | K65: =SUMPRODUCT((B65>=Plan!$C$13:$C$23)*Plan!$D$13:$D$23) -> 10000
A66: 62 | B66: =62*Plan!$C$8 -> 620000 | C66: {=INDEX(Plan!$B$13:$B$23,MATCH(B66,Plan!$C$13:$C$23,1))} -> Sales Director | D66: =IF(A66<=100,Plan!$C$5+(Plan!$C$6-Plan!$C$5)*(A66-1)/99,IF(A66<=200,Plan!$C$6+(Plan!$C$7-Plan!$C$6)*(A66-100)/100,Plan!$C$7)) -> 0.1169697 | E66: =D66*Plan!$C$8 -> 1169.697 | F66: =B65*(D66-D65) -> 369.69697 | G66: =K66-K65 -> 0 | H66: =E66+F66+G66 -> 1539.3939 | I66: =B66*D66+K66 -> 82521.212 | K66: =SUMPRODUCT((B66>=Plan!$C$13:$C$23)*Plan!$D$13:$D$23) -> 10000
A67: 63 | B67: =63*Plan!$C$8 -> 630000 | C67: {=INDEX(Plan!$B$13:$B$23,MATCH(B67,Plan!$C$13:$C$23,1))} -> Sales Director | D67: =IF(A67<=100,Plan!$C$5+(Plan!$C$6-Plan!$C$5)*(A67-1)/99,IF(A67<=200,Plan!$C$6+(Plan!$C$7-Plan!$C$6)*(A67-100)/100,Plan!$C$7)) -> 0.11757576 | E67: =D67*Plan!$C$8 -> 1175.7576 | F67: =B66*(D67-D66) -> 375.75758 | G67: =K67-K66 -> 0 | H67: =E67+F67+G67 -> 1551.5152 | I67: =B67*D67+K67 -> 84072.727 | K67: =SUMPRODUCT((B67>=Plan!$C$13:$C$23)*Plan!$D$13:$D$23) -> 10000
A68: 64 | B68: =64*Plan!$C$8 -> 640000 | C68: {=INDEX(Plan!$B$13:$B$23,MATCH(B68,Plan!$C$13:$C$23,1))} -> Sales Director | D68: =IF(A68<=100,Plan!$C$5+(Plan!$C$6-Plan!$C$5)*(A68-1)/99,IF(A68<=200,Plan!$C$6+(Plan!$C$7-Plan!$C$6)*(A68-100)/100,Plan!$C$7)) -> 0.11818182 | E68: =D68*Plan!$C$8 -> 1181.8182 | F68: =B67*(D68-D67) -> 381.81818 | G68: =K68-K67 -> 0 | H68: =E68+F68+G68 -> 1563.6364 | I68: =B68*D68+K68 -> 85636.364 | K68: =SUMPRODUCT((B68>=Plan!$C$13:$C$23)*Plan!$D$13:$D$23) -> 10000
A69: 65 | B69: =65*Plan!$C$8 -> 650000 | C69: {=INDEX(Plan!$B$13:$B$23,MATCH(B69,Plan!$C$13:$C$23,1))} -> Sales Director | D69: =IF(A69<=100,Plan!$C$5+(Plan!$C$6-Plan!$C$5)*(A69-1)/99,IF(A69<=200,Plan!$C$6+(Plan!$C$7-Plan!$C$6)*(A69-100)/100,Plan!$C$7)) -> 0.11878788 | E69: =D69*Plan!$C$8 -> 1187.8788 | F69: =B68*(D69-D68) -> 387.87879 | G69: =K69-K68 -> 0 | H69: =E69+F69+G69 -> 1575.7576 | I69: =B69*D69+K69 -> 87212.121 | K69: =SUMPRODUCT((B69>=Plan!$C$13:$C$23)*Plan!$D$13:$D$23) -> 10000
A70: 66 | B70: =66*Plan!$C$8 -> 660000 | C70: {=INDEX(Plan!$B$13:$B$23,MATCH(B70,Plan!$C$13:$C$23,1))} -> Sales Director | D70: =IF(A70<=100,Plan!$C$5+(Plan!$C$6-Plan!$C$5)*(A70-1)/99,IF(A70<=200,Plan!$C$6+(Plan!$C$7-Plan!$C$6)*(A70-100)/100,Plan!$C$7)) -> 0.11939394 | E70: =D70*Plan!$C$8 -> 1193.9394 | F70: =B69*(D70-D69) -> 393.93939 | G70: =K70-K69 -> 0 | H70: =E70+F70+G70 -> 1587.8788 | I70: =B70*D70+K70 -> 88800 | K70: =SUMPRODUCT((B70>=Plan!$C$13:$C$23)*Plan!$D$13:$D$23) -> 10000
A71: 67 | B71: =67*Plan!$C$8 -> 670000 | C71: {=INDEX(Plan!$B$13:$B$23,MATCH(B71,Plan!$C$13:$C$23,1))} -> Sales Director | D71: =IF(A71<=100,Plan!$C$5+(Plan!$C$6-Plan!$C$5)*(A71-1)/99,IF(A71<=200,Plan!$C$6+(Plan!$C$7-Plan!$C$6)*(A71-100)/100,Plan!$C$7)) -> 0.12 | E71: =D71*Plan!$C$8 -> 1200 | F71: =B70*(D71-D70) -> 400 | G71: =K71-K70 -> 0 | H71: =E71+F71+G71 -> 1600 | I71: =B71*D71+K71 -> 90400 | K71: =SUMPRODUCT((B71>=Plan!$C$13:$C$23)*Plan!$D$13:$D$23) -> 10000
A72: 68 | B72: =68*Plan!$C$8 -> 680000 | C72: {=INDEX(Plan!$B$13:$B$23,MATCH(B72,Plan!$C$13:$C$23,1))} -> Sales Director | D72: =IF(A72<=100,Plan!$C$5+(Plan!$C$6-Plan!$C$5)*(A72-1)/99,IF(A72<=200,Plan!$C$6+(Plan!$C$7-Plan!$C$6)*(A72-100)/100,Plan!$C$7)) -> 0.12060606 | E72: =D72*Plan!$C$8 -> 1206.0606 | F72: =B71*(D72-D71) -> 406.06061 | G72: =K72-K71 -> 0 | H72: =E72+F72+G72 -> 1612.1212 | I72: =B72*D72+K72 -> 92012.121 | K72: =SUMPRODUCT((B72>=Plan!$C$13:$C$23)*Plan!$D$13:$D$23) -> 10000
A73: 69 | B73: =69*Plan!$C$8 -> 690000 | C73: {=INDEX(Plan!$B$13:$B$23,MATCH(B73,Plan!$C$13:$C$23,1))} -> Sales Director | D73: =IF(A73<=100,Plan!$C$5+(Plan!$C$6-Plan!$C$5)*(A73-1)/99,IF(A73<=200,Plan!$C$6+(Plan!$C$7-Plan!$C$6)*(A73-100)/100,Plan!$C$7)) -> 0.12121212 | E73: =D73*Plan!$C$8 -> 1212.1212 | F73: =B72*(D73-D72) -> 412.12121 | G73: =K73-K72 -> 0 | H73: =E73+F73+G73 -> 1624.2424 | I73: =B73*D73+K73 -> 93636.364 | K73: =SUMPRODUCT((B73>=Plan!$C$13:$C$23)*Plan!$D$13:$D$23) -> 10000
A74: 70 | B74: =70*Plan!$C$8 -> 700000 | C74: {=INDEX(Plan!$B$13:$B$23,MATCH(B74,Plan!$C$13:$C$23,1))} -> Senior Sales Director | D74: =IF(A74<=100,Plan!$C$5+(Plan!$C$6-Plan!$C$5)*(A74-1)/99,IF(A74<=200,Plan!$C$6+(Plan!$C$7-Plan!$C$6)*(A74-100)/100,Plan!$C$7)) -> 0.12181818 | E74: =D74*Plan!$C$8 -> 1218.1818 | F74: =B73*(D74-D73) -> 418.18182 | G74: =K74-K73 -> 4000 | H74: =E74+F74+G74 -> 5636.3636 | I74: =B74*D74+K74 -> 99272.727 | K74: =SUMPRODUCT((B74>=Plan!$C$13:$C$23)*Plan!$D$13:$D$23) -> 14000
A75: 71 | B75: =71*Plan!$C$8 -> 710000 | C75: {=INDEX(Plan!$B$13:$B$23,MATCH(B75,Plan!$C$13:$C$23,1))} -> Senior Sales Director | D75: =IF(A75<=100,Plan!$C$5+(Plan!$C$6-Plan!$C$5)*(A75-1)/99,IF(A75<=200,Plan!$C$6+(Plan!$C$7-Plan!$C$6)*(A75-100)/100,Plan!$C$7)) -> 0.12242424 | E75: =D75*Plan!$C$8 -> 1224.2424 | F75: =B74*(D75-D74) -> 424.24242 | G75: =K75-K74 -> 0 | H75: =E75+F75+G75 -> 1648.4848 | I75: =B75*D75+K75 -> 100921.21 | K75: =SUMPRODUCT((B75>=Plan!$C$13:$C$23)*Plan!$D$13:$D$23) -> 14000
A76: 72 | B76: =72*Plan!$C$8 -> 720000 | C76: {=INDEX(Plan!$B$13:$B$23,MATCH(B76,Plan!$C$13:$C$23,1))} -> Senior Sales Director | D76: =IF(A76<=100,Plan!$C$5+(Plan!$C$6-Plan!$C$5)*(A76-1)/99,IF(A76<=200,Plan!$C$6+(Plan!$C$7-Plan!$C$6)*(A76-100)/100,Plan!$C$7)) -> 0.1230303 | E76: =D76*Plan!$C$8 -> 1230.303 | F76: =B75*(D76-D75) -> 430.30303 | G76: =K76-K75 -> 0 | H76: =E76+F76+G76 -> 1660.6061 | I76: =B76*D76+K76 -> 102581.82 | K76: =SUMPRODUCT((B76>=Plan!$C$13:$C$23)*Plan!$D$13:$D$23) -> 14000
A77: 73 | B77: =73*Plan!$C$8 -> 730000 | C77: {=INDEX(Plan!$B$13:$B$23,MATCH(B77,Plan!$C$13:$C$23,1))} -> Senior Sales Director | D77: =IF(A77<=100,Plan!$C$5+(Plan!$C$6-Plan!$C$5)*(A77-1)/99,IF(A77<=200,Plan!$C$6+(Plan!$C$7-Plan!$C$6)*(A77-100)/100,Plan!$C$7)) -> 0.12363636 | E77: =D77*Plan!$C$8 -> 1236.3636 | F77: =B76*(D77-D76) -> 436.36364 | G77: =K77-K76 -> 0 | H77: =E77+F77+G77 -> 1672.7273 | I77: =B77*D77+K77 -> 104254.55 | K77: =SUMPRODUCT((B77>=Plan!$C$13:$C$23)*Plan!$D$13:$D$23) -> 14000
A78: 74 | B78: =74*Plan!$C$8 -> 740000 | C78: {=INDEX(Plan!$B$13:$B$23,MATCH(B78,Plan!$C$13:$C$23,1))} -> Senior Sales Director | D78: =IF(A78<=100,Plan!$C$5+(Plan!$C$6-Plan!$C$5)*(A78-1)/99,IF(A78<=200,Plan!$C$6+(Plan!$C$7-Plan!$C$6)*(A78-100)/100,Plan!$C$7)) -> 0.12424242 | E78: =D78*Plan!$C$8 -> 1242.4242 | F78: =B77*(D78-D77) -> 442.42424 | G78: =K78-K77 -> 0 | H78: =E78+F78+G78 -> 1684.8485 | I78: =B78*D78+K78 -> 105939.39 | K78: =SUMPRODUCT((B78>=Plan!$C$13:$C$23)*Plan!$D$13:$D$23) -> 14000
A79: 75 | B79: =75*Plan!$C$8 -> 750000 | C79: {=INDEX(Plan!$B$13:$B$23,MATCH(B79,Plan!$C$13:$C$23,1))} -> Senior Sales Director | D79: =IF(A79<=100,Plan!$C$5+(Plan!$C$6-Plan!$C$5)*(A79-1)/99,IF(A79<=200,Plan!$C$6+(Plan!$C$7-Plan!$C$6)*(A79-100)/100,Plan!$C$7)) -> 0.12484848 | E79: =D79*Plan!$C$8 -> 1248.4848 | F79: =B78*(D79-D78) -> 448.48485 | G79: =K79-K78 -> 0 | H79: =E79+F79+G79 -> 1696.9697 | I79: =B79*D79+K79 -> 107636.36 | K79: =SUMPRODUCT((B79>=Plan!$C$13:$C$23)*Plan!$D$13:$D$23) -> 14000
A80: 76 | B80: =76*Plan!$C$8 -> 760000 | C80: {=INDEX(Plan!$B$13:$B$23,MATCH(B80,Plan!$C$13:$C$23,1))} -> Senior Sales Director | D80: =IF(A80<=100,Plan!$C$5+(Plan!$C$6-Plan!$C$5)*(A80-1)/99,IF(A80<=200,Plan!$C$6+(Plan!$C$7-Plan!$C$6)*(A80-100)/100,Plan!$C$7)) -> 0.12545455 | E80: =D80*Plan!$C$8 -> 1254.5455 | F80: =B79*(D80-D79) -> 454.54545 | G80: =K80-K79 -> 0 | H80: =E80+F80+G80 -> 1709.0909 | I80: =B80*D80+K80 -> 109345.45 | K80: =SUMPRODUCT((B80>=Plan!$C$13:$C$23)*Plan!$D$13:$D$23) -> 14000
A81: 77 | B81: =77*Plan!$C$8 -> 770000 | C81: {=INDEX(Plan!$B$13:$B$23,MATCH(B81,Plan!$C$13:$C$23,1))} -> Senior Sales Director | D81: =IF(A81<=100,Plan!$C$5+(Plan!$C$6-Plan!$C$5)*(A81-1)/99,IF(A81<=200,Plan!$C$6+(Plan!$C$7-Plan!$C$6)*(A81-100)/100,Plan!$C$7)) -> 0.12606061 | E81: =D81*Plan!$C$8 -> 1260.6061 | F81: =B80*(D81-D80) -> 460.60606 | G81: =K81-K80 -> 0 | H81: =E81+F81+G81 -> 1721.2121 | I81: =B81*D81+K81 -> 111066.67 | K81: =SUMPRODUCT((B81>=Plan!$C$13:$C$23)*Plan!$D$13:$D$23) -> 14000
A82: 78 | B82: =78*Plan!$C$8 -> 780000 | C82: {=INDEX(Plan!$B$13:$B$23,MATCH(B82,Plan!$C$13:$C$23,1))} -> Senior Sales Director | D82: =IF(A82<=100,Plan!$C$5+(Plan!$C$6-Plan!$C$5)*(A82-1)/99,IF(A82<=200,Plan!$C$6+(Plan!$C$7-Plan!$C$6)*(A82-100)/100,Plan!$C$7)) -> 0.12666667 | E82: =D82*Plan!$C$8 -> 1266.6667 | F82: =B81*(D82-D81) -> 466.66667 | G82: =K82-K81 -> 0 | H82: =E82+F82+G82 -> 1733.3333 | I82: =B82*D82+K82 -> 112800 | K82: =SUMPRODUCT((B82>=Plan!$C$13:$C$23)*Plan!$D$13:$D$23) -> 14000
A83: 79 | B83: =79*Plan!$C$8 -> 790000 | C83: {=INDEX(Plan!$B$13:$B$23,MATCH(B83,Plan!$C$13:$C$23,1))} -> Senior Sales Director | D83: =IF(A83<=100,Plan!$C$5+(Plan!$C$6-Plan!$C$5)*(A83-1)/99,IF(A83<=200,Plan!$C$6+(Plan!$C$7-Plan!$C$6)*(A83-100)/100,Plan!$C$7)) -> 0.12727273 | E83: =D83*Plan!$C$8 -> 1272.7273 | F83: =B82*(D83-D82) -> 472.72727 | G83: =K83-K82 -> 0 | H83: =E83+F83+G83 -> 1745.4545 | I83: =B83*D83+K83 -> 114545.45 | K83: =SUMPRODUCT((B83>=Plan!$C$13:$C$23)*Plan!$D$13:$D$23) -> 14000
A84: 80 | B84: =80*Plan!$C$8 -> 800000 | C84: {=INDEX(Plan!$B$13:$B$23,MATCH(B84,Plan!$C$13:$C$23,1))} -> Senior Sales Director | D84: =IF(A84<=100,Plan!$C$5+(Plan!$C$6-Plan!$C$5)*(A84-1)/99,IF(A84<=200,Plan!$C$6+(Plan!$C$7-Plan!$C$6)*(A84-100)/100,Plan!$C$7)) -> 0.12787879 | E84: =D84*Plan!$C$8 -> 1278.7879 | F84: =B83*(D84-D83) -> 478.78788 | G84: =K84-K83 -> 0 | H84: =E84+F84+G84 -> 1757.5758 | I84: =B84*D84+K84 -> 116303.03 | K84: =SUMPRODUCT((B84>=Plan!$C$13:$C$23)*Plan!$D$13:$D$23) -> 14000
A85: 81 | B85: =81*Plan!$C$8 -> 810000 | C85: {=INDEX(Plan!$B$13:$B$23,MATCH(B85,Plan!$C$13:$C$23,1))} -> Senior Sales Director | D85: =IF(A85<=100,Plan!$C$5+(Plan!$C$6-Plan!$C$5)*(A85-1)/99,IF(A85<=200,Plan!$C$6+(Plan!$C$7-Plan!$C$6)*(A85-100)/100,Plan!$C$7)) -> 0.12848485 | E85: =D85*Plan!$C$8 -> 1284.8485 | F85: =B84*(D85-D84) -> 484.84848 | G85: =K85-K84 -> 0 | H85: =E85+F85+G85 -> 1769.697 | I85: =B85*D85+K85 -> 118072.73 | K85: =SUMPRODUCT((B85>=Plan!$C$13:$C$23)*Plan!$D$13:$D$23) -> 14000
A86: 82 | B86: =82*Plan!$C$8 -> 820000 | C86: {=INDEX(Plan!$B$13:$B$23,MATCH(B86,Plan!$C$13:$C$23,1))} -> Senior Sales Director | D86: =IF(A86<=100,Plan!$C$5+(Plan!$C$6-Plan!$C$5)*(A86-1)/99,IF(A86<=200,Plan!$C$6+(Plan!$C$7-Plan!$C$6)*(A86-100)/100,Plan!$C$7)) -> 0.12909091 | E86: =D86*Plan!$C$8 -> 1290.9091 | F86: =B85*(D86-D85) -> 490.90909 | G86: =K86-K85 -> 0 | H86: =E86+F86+G86 -> 1781.8182 | I86: =B86*D86+K86 -> 119854.55 | K86: =SUMPRODUCT((B86>=Plan!$C$13:$C$23)*Plan!$D$13:$D$23) -> 14000
A87: 83 | B87: =83*Plan!$C$8 -> 830000 | C87: {=INDEX(Plan!$B$13:$B$23,MATCH(B87,Plan!$C$13:$C$23,1))} -> Senior Sales Director | D87: =IF(A87<=100,Plan!$C$5+(Plan!$C$6-Plan!$C$5)*(A87-1)/99,IF(A87<=200,Plan!$C$6+(Plan!$C$7-Plan!$C$6)*(A87-100)/100,Plan!$C$7)) -> 0.12969697 | E87: =D87*Plan!$C$8 -> 1296.9697 | F87: =B86*(D87-D86) -> 496.9697 | G87: =K87-K86 -> 0 | H87: =E87+F87+G87 -> 1793.9394 | I87: =B87*D87+K87 -> 121648.48 | K87: =SUMPRODUCT((B87>=Plan!$C$13:$C$23)*Plan!$D$13:$D$23) -> 14000
A88: 84 | B88: =84*Plan!$C$8 -> 840000 | C88: {=INDEX(Plan!$B$13:$B$23,MATCH(B88,Plan!$C$13:$C$23,1))} -> Senior Sales Director | D88: =IF(A88<=100,Plan!$C$5+(Plan!$C$6-Plan!$C$5)*(A88-1)/99,IF(A88<=200,Plan!$C$6+(Plan!$C$7-Plan!$C$6)*(A88-100)/100,Plan!$C$7)) -> 0.13030303 | E88: =D88*Plan!$C$8 -> 1303.0303 | F88: =B87*(D88-D87) -> 503.0303 | G88: =K88-K87 -> 0 | H88: =E88+F88+G88 -> 1806.0606 | I88: =B88*D88+K88 -> 123454.55 | K88: =SUMPRODUCT((B88>=Plan!$C$13:$C$23)*Plan!$D$13:$D$23) -> 14000
A89: 85 | B89: =85*Plan!$C$8 -> 850000 | C89: {=INDEX(Plan!$B$13:$B$23,MATCH(B89,Plan!$C$13:$C$23,1))} -> Senior Sales Director | D89: =IF(A89<=100,Plan!$C$5+(Plan!$C$6-Plan!$C$5)*(A89-1)/99,IF(A89<=200,Plan!$C$6+(Plan!$C$7-Plan!$C$6)*(A89-100)/100,Plan!$C$7)) -> 0.13090909 | E89: =D89*Plan!$C$8 -> 1309.0909 | F89: =B88*(D89-D88) -> 509.09091 | G89: =K89-K88 -> 0 | H89: =E89+F89+G89 -> 1818.1818 | I89: =B89*D89+K89 -> 125272.73 | K89: =SUMPRODUCT((B89>=Plan!$C$13:$C$23)*Plan!$D$13:$D$23) -> 14000
A90: 86 | B90: =86*Plan!$C$8 -> 860000 | C90: {=INDEX(Plan!$B$13:$B$23,MATCH(B90,Plan!$C$13:$C$23,1))} -> Senior Sales Director | D90: =IF(A90<=100,Plan!$C$5+(Plan!$C$6-Plan!$C$5)*(A90-1)/99,IF(A90<=200,Plan!$C$6+(Plan!$C$7-Plan!$C$6)*(A90-100)/100,Plan!$C$7)) -> 0.13151515 | E90: =D90*Plan!$C$8 -> 1315.1515 | F90: =B89*(D90-D89) -> 515.15152 | G90: =K90-K89 -> 0 | H90: =E90+F90+G90 -> 1830.303 | I90: =B90*D90+K90 -> 127103.03 | K90: =SUMPRODUCT((B90>=Plan!$C$13:$C$23)*Plan!$D$13:$D$23) -> 14000
A91: 87 | B91: =87*Plan!$C$8 -> 870000 | C91: {=INDEX(Plan!$B$13:$B$23,MATCH(B91,Plan!$C$13:$C$23,1))} -> Senior Sales Director | D91: =IF(A91<=100,Plan!$C$5+(Plan!$C$6-Plan!$C$5)*(A91-1)/99,IF(A91<=200,Plan!$C$6+(Plan!$C$7-Plan!$C$6)*(A91-100)/100,Plan!$C$7)) -> 0.13212121 | E91: =D91*Plan!$C$8 -> 1321.2121 | F91: =B90*(D91-D90) -> 521.21212 | G91: =K91-K90 -> 0 | H91: =E91+F91+G91 -> 1842.4242 | I91: =B91*D91+K91 -> 128945.45 | K91: =SUMPRODUCT((B91>=Plan!$C$13:$C$23)*Plan!$D$13:$D$23) -> 14000
A92: 88 | B92: =88*Plan!$C$8 -> 880000 | C92: {=INDEX(Plan!$B$13:$B$23,MATCH(B92,Plan!$C$13:$C$23,1))} -> Senior Sales Director | D92: =IF(A92<=100,Plan!$C$5+(Plan!$C$6-Plan!$C$5)*(A92-1)/99,IF(A92<=200,Plan!$C$6+(Plan!$C$7-Plan!$C$6)*(A92-100)/100,Plan!$C$7)) -> 0.13272727 | E92: =D92*Plan!$C$8 -> 1327.2727 | F92: =B91*(D92-D91) -> 527.27273 | G92: =K92-K91 -> 0 | H92: =E92+F92+G92 -> 1854.5455 | I92: =B92*D92+K92 -> 130800 | K92: =SUMPRODUCT((B92>=Plan!$C$13:$C$23)*Plan!$D$13:$D$23) -> 14000
A93: 89 | B93: =89*Plan!$C$8 -> 890000 | C93: {=INDEX(Plan!$B$13:$B$23,MATCH(B93,Plan!$C$13:$C$23,1))} -> Senior Sales Director | D93: =IF(A93<=100,Plan!$C$5+(Plan!$C$6-Plan!$C$5)*(A93-1)/99,IF(A93<=200,Plan!$C$6+(Plan!$C$7-Plan!$C$6)*(A93-100)/100,Plan!$C$7)) -> 0.13333333 | E93: =D93*Plan!$C$8 -> 1333.3333 | F93: =B92*(D93-D92) -> 533.33333 | G93: =K93-K92 -> 0 | H93: =E93+F93+G93 -> 1866.6667 | I93: =B93*D93+K93 -> 132666.67 | K93: =SUMPRODUCT((B93>=Plan!$C$13:$C$23)*Plan!$D$13:$D$23) -> 14000
A94: 90 | B94: =90*Plan!$C$8 -> 900000 | C94: {=INDEX(Plan!$B$13:$B$23,MATCH(B94,Plan!$C$13:$C$23,1))} -> Senior Sales Director | D94: =IF(A94<=100,Plan!$C$5+(Plan!$C$6-Plan!$C$5)*(A94-1)/99,IF(A94<=200,Plan!$C$6+(Plan!$C$7-Plan!$C$6)*(A94-100)/100,Plan!$C$7)) -> 0.13393939 | E94: =D94*Plan!$C$8 -> 1339.3939 | F94: =B93*(D94-D93) -> 539.39394 | G94: =K94-K93 -> 0 | H94: =E94+F94+G94 -> 1878.7879 | I94: =B94*D94+K94 -> 134545.45 | K94: =SUMPRODUCT((B94>=Plan!$C$13:$C$23)*Plan!$D$13:$D$23) -> 14000
A95: 91 | B95: =91*Plan!$C$8 -> 910000 | C95: {=INDEX(Plan!$B$13:$B$23,MATCH(B95,Plan!$C$13:$C$23,1))} -> Senior Sales Director | D95: =IF(A95<=100,Plan!$C$5+(Plan!$C$6-Plan!$C$5)*(A95-1)/99,IF(A95<=200,Plan!$C$6+(Plan!$C$7-Plan!$C$6)*(A95-100)/100,Plan!$C$7)) -> 0.13454545 | E95: =D95*Plan!$C$8 -> 1345.4545 | F95: =B94*(D95-D94) -> 545.45455 | G95: =K95-K94 -> 0 | H95: =E95+F95+G95 -> 1890.9091 | I95: =B95*D95+K95 -> 136436.36 | K95: =SUMPRODUCT((B95>=Plan!$C$13:$C$23)*Plan!$D$13:$D$23) -> 14000
A96: 92 | B96: =92*Plan!$C$8 -> 920000 | C96: {=INDEX(Plan!$B$13:$B$23,MATCH(B96,Plan!$C$13:$C$23,1))} -> Senior Sales Director | D96: =IF(A96<=100,Plan!$C$5+(Plan!$C$6-Plan!$C$5)*(A96-1)/99,IF(A96<=200,Plan!$C$6+(Plan!$C$7-Plan!$C$6)*(A96-100)/100,Plan!$C$7)) -> 0.13515152 | E96: =D96*Plan!$C$8 -> 1351.5152 | F96: =B95*(D96-D95) -> 551.51515 | G96: =K96-K95 -> 0 | H96: =E96+F96+G96 -> 1903.0303 | I96: =B96*D96+K96 -> 138339.39 | K96: =SUMPRODUCT((B96>=Plan!$C$13:$C$23)*Plan!$D$13:$D$23) -> 14000
A97: 93 | B97: =93*Plan!$C$8 -> 930000 | C97: {=INDEX(Plan!$B$13:$B$23,MATCH(B97,Plan!$C$13:$C$23,1))} -> Senior Sales Director | D97: =IF(A97<=100,Plan!$C$5+(Plan!$C$6-Plan!$C$5)*(A97-1)/99,IF(A97<=200,Plan!$C$6+(Plan!$C$7-Plan!$C$6)*(A97-100)/100,Plan!$C$7)) -> 0.13575758 | E97: =D97*Plan!$C$8 -> 1357.5758 | F97: =B96*(D97-D96) -> 557.57576 | G97: =K97-K96 -> 0 | H97: =E97+F97+G97 -> 1915.1515 | I97: =B97*D97+K97 -> 140254.55 | K97: =SUMPRODUCT((B97>=Plan!$C$13:$C$23)*Plan!$D$13:$D$23) -> 14000
A98: 94 | B98: =94*Plan!$C$8 -> 940000 | C98: {=INDEX(Plan!$B$13:$B$23,MATCH(B98,Plan!$C$13:$C$23,1))} -> Senior Sales Director | D98: =IF(A98<=100,Plan!$C$5+(Plan!$C$6-Plan!$C$5)*(A98-1)/99,IF(A98<=200,Plan!$C$6+(Plan!$C$7-Plan!$C$6)*(A98-100)/100,Plan!$C$7)) -> 0.13636364 | E98: =D98*Plan!$C$8 -> 1363.6364 | F98: =B97*(D98-D97) -> 563.63636 | G98: =K98-K97 -> 0 | H98: =E98+F98+G98 -> 1927.2727 | I98: =B98*D98+K98 -> 142181.82 | K98: =SUMPRODUCT((B98>=Plan!$C$13:$C$23)*Plan!$D$13:$D$23) -> 14000
A99: 95 | B99: =95*Plan!$C$8 -> 950000 | C99: {=INDEX(Plan!$B$13:$B$23,MATCH(B99,Plan!$C$13:$C$23,1))} -> Vice President | D99: =IF(A99<=100,Plan!$C$5+(Plan!$C$6-Plan!$C$5)*(A99-1)/99,IF(A99<=200,Plan!$C$6+(Plan!$C$7-Plan!$C$6)*(A99-100)/100,Plan!$C$7)) -> 0.1369697 | E99: =D99*Plan!$C$8 -> 1369.697 | F99: =B98*(D99-D98) -> 569.69697 | G99: =K99-K98 -> 5000 | H99: =E99+F99+G99 -> 6939.3939 | I99: =B99*D99+K99 -> 149121.21 | K99: =SUMPRODUCT((B99>=Plan!$C$13:$C$23)*Plan!$D$13:$D$23) -> 19000
A100: 96 | B100: =96*Plan!$C$8 -> 960000 | C100: {=INDEX(Plan!$B$13:$B$23,MATCH(B100,Plan!$C$13:$C$23,1))} -> Vice President | D100: =IF(A100<=100,Plan!$C$5+(Plan!$C$6-Plan!$C$5)*(A100-1)/99,IF(A100<=200,Plan!$C$6+(Plan!$C$7-Plan!$C$6)*(A100-100)/100,Plan!$C$7)) -> 0.13757576 | E100: =D100*Plan!$C$8 -> 1375.7576 | F100: =B99*(D100-D99) -> 575.75758 | G100: =K100-K99 -> 0 | H100: =E100+F100+G100 -> 1951.5152 | I100: =B100*D100+K100 -> 151072.73 | K100: =SUMPRODUCT((B100>=Plan!$C$13:$C$23)*Plan!$D$13:$D$23) -> 19000
A101: 97 | B101: =97*Plan!$C$8 -> 970000 | C101: {=INDEX(Plan!$B$13:$B$23,MATCH(B101,Plan!$C$13:$C$23,1))} -> Vice President | D101: =IF(A101<=100,Plan!$C$5+(Plan!$C$6-Plan!$C$5)*(A101-1)/99,IF(A101<=200,Plan!$C$6+(Plan!$C$7-Plan!$C$6)*(A101-100)/100,Plan!$C$7)) -> 0.13818182 | E101: =D101*Plan!$C$8 -> 1381.8182 | F101: =B100*(D101-D100) -> 581.81818 | G101: =K101-K100 -> 0 | H101: =E101+F101+G101 -> 1963.6364 | I101: =B101*D101+K101 -> 153036.36 | K101: =SUMPRODUCT((B101>=Plan!$C$13:$C$23)*Plan!$D$13:$D$23) -> 19000
...
